{
  "parent": "minecraft:item/generated",
  "textures": {
    "layer0": "minecraft:item/blue_dye"
  },
"overrides":
  [
    {"predicate":{"custom_model_data":1},"model":"minecraft:item/quest_markers/main_quest_exclamation"},
    {"predicate":{"custom_model_data":2},"model":"minecraft:item/quest_markers/main_quest_question"},
    {"predicate":{"custom_model_data":3},"model":"minecraft:item/quest_markers/side_quest_exclamation"},
    {"predicate":{"custom_model_data":4},"model":"minecraft:item/quest_markers/side_quest_question"}
  ]
  }