{
  "parent": "minecraft:item/generated",
  "textures": {
    "layer0": "minecraft:item/chainmail_helmet"
  },"overrides":
  [
    {"predicate":{"custom_model_data":1},"model":"minecraft:item/extra/extra547"},
    {"predicate":{"custom_model_data":2},"model":"minecraft:item/extra/extra597"},
    {"predicate":{"custom_model_data":3},"model":"minecraft:item/extra/extra724"},
    {"predicate":{"custom_model_data":4},"model":"minecraft:item/extra/extra743"},
    {"predicate":{"custom_model_data":5},"model":"minecraft:item/extra/extra535"},
    {"predicate":{"custom_model_data":6},"model":"minecraft:item/extra/extra557"},
    {"predicate":{"custom_model_data":7},"model":"minecraft:item/extra/extra734"},
    {"predicate":{"custom_model_data":8},"model":"minecraft:item/extra/extra764"}
    ]
  }
