{
  "parent": "minecraft:item/generated",
  "textures": {
    "layer0": "minecraft:item/chainmail_boots"
  },"overrides":
  [
    {"predicate":{"custom_model_data":1},"model":"minecraft:item/extra/extra550"},
    {"predicate":{"custom_model_data":2},"model":"minecraft:item/extra/extra600"},
    {"predicate":{"custom_model_data":3},"model":"minecraft:item/extra/extra727"},
    {"predicate":{"custom_model_data":4},"model":"minecraft:item/extra/extra746"},
    {"predicate":{"custom_model_data":5},"model":"minecraft:item/extra/extra539"},
    {"predicate":{"custom_model_data":6},"model":"minecraft:item/extra/extra560"},
    {"predicate":{"custom_model_data":7},"model":"minecraft:item/extra/extra737"},
    {"predicate":{"custom_model_data":8},"model":"minecraft:item/extra/extra767"}
    ]
  }
