{
  "parent": "minecraft:item/handheld_rod",
  "textures": {
    "layer0": "minecraft:item/carrot_on_a_stick"
  },
  "overrides": [
		{ "predicate": {"custom_model_data": 1}, "model": "item/weapons/wood_tier/axe_wood"},
		{ "predicate": {"custom_model_data": 2}, "model": "item/weapons/boss_tier/axe_boss"},
		{ "predicate": {"custom_model_data": 3}, "model": "item/sword_rpg_iron"},
		{ "predicate": {"custom_model_data": 4}, "model": "item/scythe_rpg_iron"},
		{ "predicate": {"custom_model_data": 5}, "model": "item/weapons/boss_tier/staff_boss_anim"},
		{ "predicate": {"custom_model_data": 6}, "model": "item/weapons/boss_tier/shield_boss"},
		{ "predicate": {"custom_model_data": 7}, "model": "item/weapons/boss_tier/scythe_boss"},
		{ "predicate": {"custom_model_data": 8}, "model": "item/weapons/boss_tier/shield_left_boss"},
		{ "predicate": {"custom_model_data": 9}, "model": "item/weapons/boss_tier/dagger_boss"},
		{ "predicate": {"custom_model_data": 10}, "model": "item/weapons/boss_tier/sword_boss"},
		{ "predicate": {"custom_model_data": 11}, "model": "item/mushroom_head"},
		{ "predicate": {"custom_model_data": 12}, "model": "item/golem"},
		{ "predicate": {"custom_model_data": 13}, "model": "item/golem_idle"},
		{ "predicate": {"custom_model_data": 14}, "model": "item/golem_attack"},
		{ "predicate": {"custom_model_data": 15}, "model": "item/golem_idle_hit"},
		{ "predicate": {"custom_model_data": 16}, "model": "item/sword_rpg_lava"},
		{ "predicate": {"custom_model_data": 17}, "model": "item/axe_rpg_electric"},
		{ "predicate": {"custom_model_data": 18}, "model": "item/sword_rpg_lava_d"},
		{ "predicate": {"custom_model_data": 19}, "model": "item/sword_rpg_lava_nofx"},
		{ "predicate": {"custom_model_data": 20}, "model": "item/scythe_coarsed"},
		{ "predicate": {"custom_model_data": 21}, "model": "item/trident_poison"},
		{ "predicate": {"custom_model_data": 22}, "model": "item/dagger_light"},
		{ "predicate": {"custom_model_data": 23}, "model": "item/shield_rock"},
		{ "predicate": {"custom_model_data": 24}, "model": "item/abilities/shield_bash"},
		{ "predicate": {"custom_model_data": 25}, "model": "item/abilities/dragon"},
		{ "predicate": {"custom_model_data": 26}, "model": "item/glass_clock"},
		{ "predicate": {"custom_model_data": 27}, "model": "item/magic_ball"},
		{ "predicate": {"custom_model_data": 28}, "model": "item/magic_ball_appear"},
		{ "predicate": {"custom_model_data": 29}, "model": "item/magic_ball_explosion"},
		{ "predicate": {"custom_model_data": 30}, "model": "item/magic_ball_medium"},
		{ "predicate": {"custom_model_data": 31}, "model": "item/magic_ball_appear_medium"},
		{ "predicate": {"custom_model_data": 32}, "model": "item/magic_ball_explosion_medium"},
		{ "predicate": {"custom_model_data": 33}, "model": "item/ent_java"},
		{ "predicate": {"custom_model_data": 34}, "model": "item/golem_java"},
		{ "predicate": {"custom_model_data": 35}, "model": "item/bosses/golem/golem_java_walk"},
		{ "predicate": {"custom_model_data": 36}, "model": "item/bosses/golem/golem_java_idle"},
		{ "predicate": {"custom_model_data": 37}, "model": "item/bosses/golem/golem_java_attack"},
		{ "predicate": {"custom_model_data": 38}, "model": "item/bosses/golem/golem_java_magic_ball"},
		{ "predicate": {"custom_model_data": 39}, "model": "item/bosses/ent/ent_walk"},
		{ "predicate": {"custom_model_data": 40}, "model": "item/bosses/ent/ent_idle"},
		{ "predicate": {"custom_model_data": 41}, "model": "item/ent_java_attack"},
		{ "predicate": {"custom_model_data": 42}, "model": "item/magic_stones"},
		{ "predicate": {"custom_model_data": 43}, "model": "item/abilities/shield_throw"},
		{ "predicate": {"custom_model_data": 44}, "model": "item/abilities/swords_of_judgement"},
		{ "predicate": {"custom_model_data": 45}, "model": "item/abilities/shield_bash"},
		{ "predicate": {"custom_model_data": 46}, "model": "item/bosses/frog/frog_stand"},
		{ "predicate": {"custom_model_data": 47}, "model": "item/bosses/frog/frog_crouch"},
		{ "predicate": {"custom_model_data": 48}, "model": "item/bosses/frog/frog_jump"},
		{ "predicate": {"custom_model_data": 49}, "model": "item/bosses/frog/frog_mouth"},
		{ "predicate": {"custom_model_data": 50}, "model": "item/bosses/reaper/reaper_idle_downscaled"},
		{ "predicate": {"custom_model_data": 51}, "model": "item/void_ball"},
		{ "predicate": {"custom_model_data": 52}, "model": "item/blue_axe_3d"},
		{ "predicate": {"custom_model_data": 53}, "model": "item/green_ball"},
		{ "predicate": {"custom_model_data": 54}, "model": "item/abysal_blade"},
		{ "predicate": {"custom_model_data": 55}, "model": "item/bosses/cerberus/cerberus_idle"},
		{ "predicate": {"custom_model_data": 56}, "model": "item/bosses/cerberus/cerberus_walk"},
		{ "predicate": {"custom_model_data": 57}, "model": "item/bosses/phoenix/phoenix_idle2"},
		{ "predicate": {"custom_model_data": 58}, "model": "item/bosses/phoenix/phoenix_fly2"},
		{ "predicate": {"custom_model_data": 59}, "model": "item/bosses/elemental/elemental_idle"},
		{ "predicate": {"custom_model_data": 60}, "model": "item/bosses/elemental/elemental_fly"},
		{ "predicate": {"custom_model_data": 61}, "model": "item/bosses/centaur/centaur_idle"},
		{ "predicate": {"custom_model_data": 62}, "model": "item/bosses/centaur/centaur_walk_3d"},
		{ "predicate": {"custom_model_data": 63}, "model": "item/bosses/mushroom_boss/mushroom_boss_idle"},
		{ "predicate": {"custom_model_data": 64}, "model": "item/bosses/mushroom_boss/mushroom_boss_walk"},
		{ "predicate": {"custom_model_data": 65}, "model": "item/bosses/scorpion/scorpion3d_idle"},
		{ "predicate": {"custom_model_data": 66}, "model": "item/bosses/scorpion/scorpion_walk"},
		{ "predicate": {"custom_model_data": 67}, "model": "item/bosses/atronach/atronach_idle"},
		{ "predicate": {"custom_model_data": 68}, "model": "item/bosses/frog/frog_attack"},	
		{ "predicate": {"custom_model_data": 69	}, "model": "item/bosses/ent/ent_attack"},
		{ "predicate": {"custom_model_data": 70	}, "model": "item/bosses/phoenix/phoenix_attack"},
		{ "predicate": {"custom_model_data": 71	}, "model": "item/bosses/phoenix/phoenix_mouth"},
		{ "predicate": {"custom_model_data": 72}, "model": "item/bosses/cerberus/cerberus_attack"},
		{ "predicate": {"custom_model_data": 73}, "model": "item/bosses/cerberus/cerberus_mouth"},
		{ "predicate": {"custom_model_data": 74}, "model": "item/bosses/mushroom_boss/shroom_attack"},
		{ "predicate": {"custom_model_data": 75}, "model": "item/bosses/mushroom_boss/mushroom_boss_mouth"},
		{ "predicate": {"custom_model_data": 76}, "model": "item/bosses/centaur/centaur_charge"},
		{ "predicate": {"custom_model_data": 77}, "model": "item/bosses/centaur/centaur_attack"},
		{ "predicate": {"custom_model_data": 78}, "model": "item/bosses/reaper/reaper_attack"},
		{ "predicate": {"custom_model_data": 79}, "model": "item/bosses/reaper/reaper_aoe"},
		{ "predicate": {"custom_model_data": 80}, "model": "item/bosses/scorpion/scorpion_attack"},
		{ "predicate": {"custom_model_data": 81}, "model": "item/bosses/ent/ent_stomp_fix"},
		{ "predicate": {"custom_model_data": 82}, "model": "item/bosses/reaper/reaper_attack_vertical"},
		{ "predicate": {"custom_model_data": 83}, "model": "item/abilities/skull_spell_anim"},
		{ "predicate": {"custom_model_data": 84}, "model": "item/bosses/reaper/reaper_idle_small"},
		{ "predicate": {"custom_model_data": 85}, "model": "item/abilities/skull_spell_anim_small"},
		{ "predicate": {"custom_model_data": 86}, "model": "item/abilities/charged_arrow"},
		{ "predicate": {"custom_model_data": 87}, "model": "item/weapons/wood_tier/shield_left_wood"},
		{ "predicate": {"custom_model_data": 88}, "model": "item/weapons/wood_tier/scythe_wood"},
		{ "predicate": {"custom_model_data": 89}, "model": "item/weapons/wood_tier/sword_wood"},
		{ "predicate": {"custom_model_data": 90}, "model": "item/weapons/wood_tier/dagger_wood"},
		{ "predicate": {"custom_model_data": 91}, "model": "item/weapons/wood_tier/staff_wood_1"},
		{ "predicate": {"custom_model_data": 92}, "model": "item/weapons/iron_tier/axe_iron"},
		{ "predicate": {"custom_model_data": 93}, "model": "item/weapons/iron_tier/sword_iron"},
		{ "predicate": {"custom_model_data": 94}, "model": "item/weapons/iron_tier/dagger_iron"},
		{ "predicate": {"custom_model_data": 95}, "model": "item/weapons/iron_tier/shield_left_iron"},
		{ "predicate": {"custom_model_data": 96}, "model": "item/weapons/iron_tier/scythe_iron"},
		{ "predicate": {"custom_model_data": 97}, "model": "item/weapons/iron_tier/staff_iron"},
		{ "predicate": {"custom_model_data": 98}, "model": "item/weapons/barbarian_tier/axe_barbarian"},
		{ "predicate": {"custom_model_data": 99}, "model": "item/weapons/barbarian_tier/sword_barbarian"},
		{ "predicate": {"custom_model_data": 100}, "model": "item/weapons/barbarian_tier/dagger_barbarian"},
		{ "predicate": {"custom_model_data": 101}, "model": "item/weapons/barbarian_tier/staff_barbarian"},
		{ "predicate": {"custom_model_data": 102}, "model": "item/weapons/barbarian_tier/scythe_barbarian"},
		{ "predicate": {"custom_model_data": 103}, "model": "item/weapons/barbarian_tier/shield_left_barbarian"},
		{ "predicate": {"custom_model_data": 104}, "model": "item/weapons/corrupted_tier/sword_corrupted"},
		{ "predicate": {"custom_model_data": 105}, "model": "item/weapons/corrupted_tier/dagger_corrupted"},
		{ "predicate": {"custom_model_data": 106}, "model": "item/weapons/corrupted_tier/axe_corrupted"},
		{ "predicate": {"custom_model_data": 107}, "model": "item/weapons/corrupted_tier/staff_corrupted"},
		{ "predicate": {"custom_model_data": 108}, "model": "item/weapons/corrupted_tier/scythe_corrupted"},
		{ "predicate": {"custom_model_data": 109}, "model": "item/weapons/corrupted_tier/shield_left_corrupted"},
		{ "predicate": {"custom_model_data": 110}, "model": "item/abilities/golem_rock"},
		{ "predicate": {"custom_model_data": 111}, "model": "item/weapons/druid_tier/axe_druid"},
		{ "predicate": {"custom_model_data": 112}, "model": "item/weapons/druid_tier/sword_druid"},
		{ "predicate": {"custom_model_data": 113}, "model": "item/weapons/druid_tier/dagger_druid"},
		{ "predicate": {"custom_model_data": 114}, "model": "item/weapons/druid_tier/scythe_druid"},
		{ "predicate": {"custom_model_data": 115}, "model": "item/weapons/druid_tier/staff_druid"},
		{ "predicate": {"custom_model_data": 116}, "model": "item/weapons/druid_tier/shield_left_druid"},
		{ "predicate": {"custom_model_data": 666}, "model": "item/scythe_rpg_magma_hell"}
		
  ]
  
}