{
  "parent": "minecraft:item/generated",
  "textures": {
    "layer0": "minecraft:item/chainmail_chestplate"
  },"overrides":
  [
    {"predicate":{"custom_model_data":1},"model":"minecraft:item/extra/extra548"},
    {"predicate":{"custom_model_data":2},"model":"minecraft:item/extra/extra598"},
    {"predicate":{"custom_model_data":3},"model":"minecraft:item/extra/extra725"},
    {"predicate":{"custom_model_data":4},"model":"minecraft:item/extra/extra744"},
    {"predicate":{"custom_model_data":5},"model":"minecraft:item/extra/extra536"},
    {"predicate":{"custom_model_data":6},"model":"minecraft:item/extra/extra558"},
    {"predicate":{"custom_model_data":7},"model":"minecraft:item/extra/extra735"},
    {"predicate":{"custom_model_data":8},"model":"minecraft:item/extra/extra765"}
    ]
  }
