{
  "parent": "minecraft:item/generated",
  "textures": {
    "layer0": "minecraft:item/chainmail_leggings"
  },"overrides":
  [
    {"predicate":{"custom_model_data":1},"model":"minecraft:item/extra/extra549"},
    {"predicate":{"custom_model_data":2},"model":"minecraft:item/extra/extra599"},
    {"predicate":{"custom_model_data":3},"model":"minecraft:item/extra/extra726"},
    {"predicate":{"custom_model_data":4},"model":"minecraft:item/extra/extra745"},
    {"predicate":{"custom_model_data":5},"model":"minecraft:item/extra/extra537"},
    {"predicate":{"custom_model_data":6},"model":"minecraft:item/extra/extra559"},
    {"predicate":{"custom_model_data":7},"model":"minecraft:item/extra/extra736"},
    {"predicate":{"custom_model_data":8},"model":"minecraft:item/extra/extra766"}
    ]
  }
