{
  "parent": "minecraft:item/handheld",
  "textures": {
    "layer0": "minecraft:item/diamond_sword"
  },"overrides":
  [
    {"predicate":{"custom_model_data":1},"model":"minecraft:item/extra/extra520"},
    {"predicate":{"custom_model_data":2},"model":"minecraft:item/extra/extra573"},
    {"predicate":{"custom_model_data":3},"model":"minecraft:item/extra/extra583"},
    {"predicate":{"custom_model_data":4},"model":"minecraft:item/extra/extra678"},
    {"predicate":{"custom_model_data":101},"model":"minecraft:item/extra/extra533"},
    {"predicate":{"custom_model_data":102},"model":"minecraft:item/extra/extra555"},
    {"predicate":{"custom_model_data":103},"model":"minecraft:item/extra/extra732"},
    {"predicate":{"custom_model_data":104},"model":"minecraft:item/extra/extra762"},
    {"predicate":{"custom_model_data":105},"model":"minecraft:item/extra/extra543"},
    {"predicate":{"custom_model_data":106},"model":"minecraft:item/extra/extra595"},
    {"predicate":{"custom_model_data":107},"model":"minecraft:item/extra/extra722"},
    {"predicate":{"custom_model_data":108},"model":"minecraft:item/extra/extra742"},
    {"predicate":{"custom_model_data":109},"model":"minecraft:item/extra/extra692"},
    {"predicate":{"custom_model_data":110},"model":"minecraft:item/extra/extra702"},
    {"predicate":{"custom_model_data":111},"model":"minecraft:item/extra/extra712"},
    {"predicate":{"custom_model_data":112},"model":"minecraft:item/extra/extra752"},
    {"predicate":{"custom_model_data":113},"model":"minecraft:item/extra/extra522"},
    {"predicate":{"custom_model_data":114},"model":"minecraft:item/extra/extra576"},
    {"predicate":{"custom_model_data":115},"model":"minecraft:item/extra/extra590"},
    {"predicate":{"custom_model_data":116},"model":"minecraft:item/extra/extra682"},
    {"predicate":{"custom_model_data":117},"model":"minecraft:item/extra/extra565"}
    ]
  }