{
	"credit": "Made with Blockbench",
	"texture_size": [32, 32],
	"textures": {
		"1": "block/magic_table_anim",
		"2": "block/magic_table_diffuse",
		"particle": "block/magic_table_diffuse"
	},
	"elements": [
		{
			"from": [-4, 0, -4],
			"to": [20, 15, 20],
			"rotation": {"angle": 0, "axis": "y", "origin": [8, 16, 12]},
			"faces": {
				"north": {"uv": [3, 3, 6, 4.875], "texture": "#2"},
				"east": {"uv": [3, 0, 6, 1.875], "texture": "#2"},
				"south": {"uv": [3, 4.875, 6, 6.75], "texture": "#2"},
				"west": {"uv": [0, 6, 3, 7.875], "texture": "#2"},
				"up": {"uv": [3, 3, 0, 0], "texture": "#2"},
				"down": {"uv": [3, 3, 0, 6], "texture": "#2"}
			}
		},
		{
			"from": [1.01, 13.01, 16.01],
			"to": [14.99, 15.99, 20.99],
			"rotation": {"angle": 0, "axis": "y", "origin": [8, 15.5, 8]},
			"faces": {
				"north": {"uv": [8.25, 2.875, 10, 3.25], "texture": "#2"},
				"east": {"uv": [1.25, 10.75, 1.875, 11.125], "texture": "#2"},
				"south": {"uv": [8.25, 3.25, 10, 3.625], "texture": "#2"},
				"west": {"uv": [6.375, 10.75, 7, 11.125], "texture": "#2"},
				"up": {"uv": [4.625, 8.625, 2.875, 8], "texture": "#2"},
				"down": {"uv": [10, 8.25, 8.25, 8.875], "texture": "#2"}
			}
		},
		{
			"from": [16.01, 13.01, 1.01],
			"to": [20.99, 15.99, 14.99],
			"rotation": {"angle": 0, "axis": "y", "origin": [8, 17, 12]},
			"faces": {
				"north": {"uv": [10.625, 9, 11.25, 9.375], "texture": "#2"},
				"east": {"uv": [3, 2.5, 4.75, 2.875], "texture": "#2"},
				"south": {"uv": [10.625, 9.375, 11.25, 9.75], "texture": "#2"},
				"west": {"uv": [8.25, 1.75, 10, 2.125], "texture": "#2"},
				"up": {"uv": [7, 9, 6.375, 7.25], "texture": "#2"},
				"down": {"uv": [2.875, 7.875, 2.25, 9.625], "texture": "#2"}
			}
		},
		{
			"from": [-4.99, 13.01, 1.01],
			"to": [-0.01, 15.99, 14.99],
			"rotation": {"angle": 0, "axis": "y", "origin": [8, 17, 12]},
			"faces": {
				"north": {"uv": [10.75, 5.5, 11.375, 5.875], "texture": "#2"},
				"east": {"uv": [8.25, 3.625, 10, 4], "texture": "#2"},
				"south": {"uv": [10.75, 7.5, 11.375, 7.875], "texture": "#2"},
				"west": {"uv": [8.25, 4, 10, 4.375], "texture": "#2"},
				"up": {"uv": [5.25, 9.75, 4.625, 8], "texture": "#2"},
				"down": {"uv": [8.875, 0, 8.25, 1.75], "texture": "#2"}
			}
		},
		{
			"from": [1.01, 13.01, -4.99],
			"to": [14.99, 15.99, -0.01],
			"rotation": {"angle": 0, "axis": "y", "origin": [8, 15.5, 8]},
			"faces": {
				"north": {"uv": [8.25, 2.125, 10, 2.5], "texture": "#2"},
				"east": {"uv": [0, 10.75, 0.625, 11.125], "texture": "#2"},
				"south": {"uv": [8.25, 2.5, 10, 2.875], "texture": "#2"},
				"west": {"uv": [0.625, 10.75, 1.25, 11.125], "texture": "#2"},
				"up": {"uv": [4.75, 2.5, 3, 1.875], "texture": "#2"},
				"down": {"uv": [8.875, 6.25, 7.125, 6.875], "texture": "#2"}
			}
		},
		{
			"from": [-6, 13, -9],
			"to": [3, 16, 1],
			"rotation": {"angle": -45, "axis": "y", "origin": [-4, 4, -4]},
			"faces": {
				"north": {"uv": [9.75, 5.125, 10.875, 5.5], "texture": "#2"},
				"east": {"uv": [4.75, 2.625, 6, 3], "texture": "#2"},
				"south": {"uv": [9.75, 6, 10.875, 6.375], "texture": "#2"},
				"west": {"uv": [8.25, 5.875, 9.5, 6.25], "texture": "#2"},
				"up": {"uv": [7.125, 7.25, 6, 6], "texture": "#2"},
				"down": {"uv": [7.125, 0, 6, 1.25], "texture": "#2"}
			}
		},
		{
			"from": [-4, 16, 17],
			"to": [2, 19, 23],
			"rotation": {"angle": 45, "axis": "y", "origin": [-4, 7, 20]},
			"faces": {
				"north": {"uv": [6.375, 10.375, 7.125, 10.75], "texture": "#2"},
				"east": {"uv": [5.125, 10.5, 5.875, 10.875], "texture": "#2"},
				"south": {"uv": [7.125, 10.5, 7.875, 10.875], "texture": "#2"},
				"west": {"uv": [7.875, 10.5, 8.625, 10.875], "texture": "#2"},
				"up": {"uv": [9, 5.125, 8.25, 4.375], "texture": "#2"},
				"down": {"uv": [9, 5.125, 8.25, 5.875], "texture": "#2"}
			}
		},
		{
			"from": [-4, 16, -7],
			"to": [2, 19, -1],
			"rotation": {"angle": -45, "axis": "y", "origin": [-4, 7, -4]},
			"faces": {
				"north": {"uv": [8.625, 10.5, 9.375, 10.875], "texture": "#2"},
				"east": {"uv": [10.125, 10.5, 10.875, 10.875], "texture": "#2"},
				"south": {"uv": [10.5, 0, 11.25, 0.375], "texture": "#2"},
				"west": {"uv": [10.5, 0.375, 11.25, 0.75], "texture": "#2"},
				"up": {"uv": [9, 7.625, 8.25, 6.875], "texture": "#2"},
				"down": {"uv": [7.75, 8.375, 7, 9.125], "texture": "#2"}
			}
		},
		{
			"from": [14, 16, 17],
			"to": [20, 19, 23],
			"rotation": {"angle": -45, "axis": "y", "origin": [20, 7, 20]},
			"faces": {
				"north": {"uv": [5.25, 6.75, 6, 7.125], "texture": "#2"},
				"east": {"uv": [3.625, 9.875, 4.375, 10.25], "texture": "#2"},
				"south": {"uv": [3.625, 10.25, 4.375, 10.625], "texture": "#2"},
				"west": {"uv": [1.125, 10.375, 1.875, 10.75], "texture": "#2"},
				"up": {"uv": [5.5, 2.625, 4.75, 1.875], "texture": "#2"},
				"down": {"uv": [6.75, 5, 6, 5.75], "texture": "#2"}
			}
		},
		{
			"from": [14, 16, -7],
			"to": [20, 19, -1],
			"rotation": {"angle": 45, "axis": "y", "origin": [20, 7, -4]},
			"faces": {
				"north": {"uv": [10.5, 0.75, 11.25, 1.125], "texture": "#2"},
				"east": {"uv": [2.75, 10.625, 3.5, 11], "texture": "#2"},
				"south": {"uv": [3.5, 10.625, 4.25, 11], "texture": "#2"},
				"west": {"uv": [10.625, 8.625, 11.375, 9], "texture": "#2"},
				"up": {"uv": [6, 9.25, 5.25, 8.5], "texture": "#2"},
				"down": {"uv": [3.625, 8.625, 2.875, 9.375], "texture": "#2"}
			}
		},
		{
			"from": [13, 13, -9],
			"to": [22, 16, 1],
			"rotation": {"angle": 45, "axis": "y", "origin": [20, 4, -4]},
			"faces": {
				"north": {"uv": [9.75, 7.125, 10.875, 7.5], "texture": "#2"},
				"east": {"uv": [8.875, 1.25, 10.125, 1.625], "texture": "#2"},
				"south": {"uv": [10, 1.625, 11.125, 2], "texture": "#2"},
				"west": {"uv": [0, 9.125, 1.25, 9.5], "texture": "#2"},
				"up": {"uv": [7.125, 5, 6, 3.75], "texture": "#2"},
				"down": {"uv": [4.125, 6.75, 3, 8], "texture": "#2"}
			}
		},
		{
			"from": [13, 13, 15],
			"to": [22, 16, 25],
			"rotation": {"angle": -45, "axis": "y", "origin": [20, 4, 20]},
			"faces": {
				"north": {"uv": [10, 2.75, 11.125, 3.125], "texture": "#2"},
				"east": {"uv": [9.25, 0.75, 10.5, 1.125], "texture": "#2"},
				"south": {"uv": [10, 3.125, 11.125, 3.5], "texture": "#2"},
				"west": {"uv": [9.375, 9.375, 10.625, 9.75], "texture": "#2"},
				"up": {"uv": [8.25, 1.25, 7.125, 0], "texture": "#2"},
				"down": {"uv": [8.25, 1.25, 7.125, 2.5], "texture": "#2"}
			}
		},
		{
			"from": [-6, 13, 15],
			"to": [3, 16, 25],
			"rotation": {"angle": 45, "axis": "y", "origin": [-4, 4, 20]},
			"faces": {
				"north": {"uv": [10, 8.25, 11.125, 8.625], "texture": "#2"},
				"east": {"uv": [9.5, 7.5, 10.75, 7.875], "texture": "#2"},
				"south": {"uv": [10.125, 10.125, 11.25, 10.5], "texture": "#2"},
				"west": {"uv": [9.5, 7.875, 10.75, 8.25], "texture": "#2"},
				"up": {"uv": [8.25, 6.25, 7.125, 5], "texture": "#2"},
				"down": {"uv": [6.375, 7.25, 5.25, 8.5], "texture": "#2"}
			}
		},
		{
			"from": [-6.01, -0.01, -9.01],
			"to": [3.01, 3.01, 1.01],
			"rotation": {"angle": -45, "axis": "y", "origin": [-4, -9, -4]},
			"faces": {
				"north": {"uv": [9.75, 6.375, 10.875, 6.75], "texture": "#2"},
				"east": {"uv": [8.25, 7.625, 9.5, 8], "texture": "#2"},
				"south": {"uv": [9.75, 6.75, 10.875, 7.125], "texture": "#2"},
				"west": {"uv": [7.75, 8.875, 9, 9.25], "texture": "#2"},
				"up": {"uv": [7.125, 2.5, 6, 1.25], "texture": "#2"},
				"down": {"uv": [7.125, 2.5, 6, 3.75], "texture": "#2"}
			}
		},
		{
			"from": [12.99, -0.01, -9.01],
			"to": [22.01, 3.01, 1.01],
			"rotation": {"angle": 45, "axis": "y", "origin": [20, -9, -4]},
			"faces": {
				"north": {"uv": [10, 2, 11.125, 2.375], "texture": "#2"},
				"east": {"uv": [9.25, 0, 10.5, 0.375], "texture": "#2"},
				"south": {"uv": [10, 2.375, 11.125, 2.75], "texture": "#2"},
				"west": {"uv": [9.25, 0.375, 10.5, 0.75], "texture": "#2"},
				"up": {"uv": [5.25, 8, 4.125, 6.75], "texture": "#2"},
				"down": {"uv": [8.25, 7.125, 7.125, 8.375], "texture": "#2"}
			}
		},
		{
			"from": [12.99, -0.01, 14.99],
			"to": [22.01, 3.01, 25.01],
			"rotation": {"angle": -45, "axis": "y", "origin": [20, -9, 20]},
			"faces": {
				"north": {"uv": [10, 3.5, 11.125, 3.875], "texture": "#2"},
				"east": {"uv": [9.375, 8.875, 10.625, 9.25], "texture": "#2"},
				"south": {"uv": [10, 3.875, 11.125, 4.25], "texture": "#2"},
				"west": {"uv": [9.5, 5.625, 10.75, 6], "texture": "#2"},
				"up": {"uv": [8.25, 3.75, 7.125, 2.5], "texture": "#2"},
				"down": {"uv": [8.25, 3.75, 7.125, 5], "texture": "#2"}
			}
		},
		{
			"from": [-6.01, -0.01, 14.99],
			"to": [3.01, 3.01, 25.01],
			"rotation": {"angle": 45, "axis": "y", "origin": [-4, -9, 20]},
			"faces": {
				"north": {"uv": [10.125, 1.125, 11.25, 1.5], "texture": "#2"},
				"east": {"uv": [9.75, 4.375, 11, 4.75], "texture": "#2"},
				"south": {"uv": [10.125, 9.75, 11.25, 10.125], "texture": "#2"},
				"west": {"uv": [9.75, 4.75, 11, 5.125], "texture": "#2"},
				"up": {"uv": [1.125, 9.125, 0, 7.875], "texture": "#2"},
				"down": {"uv": [2.25, 7.875, 1.125, 9.125], "texture": "#2"}
			}
		},
		{
			"from": [-5, 3, -3],
			"to": [-2, 13, 0],
			"rotation": {"angle": -45, "axis": "y", "origin": [-4, -6, -4]},
			"faces": {
				"north": {"uv": [6, 8.5, 6.375, 9.75], "texture": "#2"},
				"east": {"uv": [3.625, 8.625, 4, 9.875], "texture": "#2"},
				"south": {"uv": [4, 8.625, 4.375, 9.875], "texture": "#2"},
				"west": {"uv": [8.875, 0, 9.25, 1.25], "texture": "#2"},
				"up": {"uv": [5.875, 2.25, 5.5, 1.875], "texture": "#2"},
				"down": {"uv": [5.875, 2.25, 5.5, 2.625], "texture": "#2"}
			}
		},
		{
			"from": [18, 3, -3],
			"to": [21, 13, 0],
			"rotation": {"angle": 45, "axis": "y", "origin": [20, -6, -4]},
			"faces": {
				"north": {"uv": [1.25, 9.125, 1.625, 10.375], "texture": "#2"},
				"east": {"uv": [1.625, 9.125, 2, 10.375], "texture": "#2"},
				"south": {"uv": [6.75, 9.125, 7.125, 10.375], "texture": "#2"},
				"west": {"uv": [7.125, 9.125, 7.5, 10.375], "texture": "#2"},
				"up": {"uv": [8.125, 8.75, 7.75, 8.375], "texture": "#2"},
				"down": {"uv": [11.125, 7.875, 10.75, 8.25], "texture": "#2"}
			}
		},
		{
			"from": [18, 3, 16],
			"to": [21, 13, 19],
			"rotation": {"angle": -45, "axis": "y", "origin": [20, -6, 20]},
			"faces": {
				"north": {"uv": [8.25, 9.25, 8.625, 10.5], "texture": "#2"},
				"east": {"uv": [8.625, 9.25, 9, 10.5], "texture": "#2"},
				"south": {"uv": [2.875, 9.375, 3.25, 10.625], "texture": "#2"},
				"west": {"uv": [3.25, 9.375, 3.625, 10.625], "texture": "#2"},
				"up": {"uv": [5.5, 11.25, 5.125, 10.875], "texture": "#2"},
				"down": {"uv": [5.875, 10.875, 5.5, 11.25], "texture": "#2"}
			}
		},
		{
			"from": [-5, 3, 16],
			"to": [-2, 13, 19],
			"rotation": {"angle": 45, "axis": "y", "origin": [-4, -6, 20]},
			"faces": {
				"north": {"uv": [0.75, 9.5, 1.125, 10.75], "texture": "#2"},
				"east": {"uv": [2, 9.625, 2.375, 10.875], "texture": "#2"},
				"south": {"uv": [2.375, 9.625, 2.75, 10.875], "texture": "#2"},
				"west": {"uv": [4.375, 9.75, 4.75, 11], "texture": "#2"},
				"up": {"uv": [8.125, 11.25, 7.75, 10.875], "texture": "#2"},
				"down": {"uv": [8.5, 10.875, 8.125, 11.25], "texture": "#2"}
			}
		},
		{
			"from": [-5, 3, -8],
			"to": [-2, 13, -5],
			"rotation": {"angle": -45, "axis": "y", "origin": [-4, -6, -4]},
			"faces": {
				"north": {"uv": [6.375, 9, 6.75, 10.25], "texture": "#2"},
				"east": {"uv": [9, 9, 9.375, 10.25], "texture": "#2"},
				"south": {"uv": [9, 4.375, 9.375, 5.625], "texture": "#2"},
				"west": {"uv": [9, 6.25, 9.375, 7.5], "texture": "#2"},
				"up": {"uv": [7.125, 5.375, 6.75, 5], "texture": "#2"},
				"down": {"uv": [7.125, 5.375, 6.75, 5.75], "texture": "#2"}
			}
		},
		{
			"from": [18, 3, -8],
			"to": [21, 13, -5],
			"rotation": {"angle": 45, "axis": "y", "origin": [20, -6, -4]},
			"faces": {
				"north": {"uv": [5.25, 9.25, 5.625, 10.5], "texture": "#2"},
				"east": {"uv": [5.625, 9.25, 6, 10.5], "texture": "#2"},
				"south": {"uv": [7.5, 9.25, 7.875, 10.5], "texture": "#2"},
				"west": {"uv": [7.875, 9.25, 8.25, 10.5], "texture": "#2"},
				"up": {"uv": [2.25, 11.25, 1.875, 10.875], "texture": "#2"},
				"down": {"uv": [2.625, 10.875, 2.25, 11.25], "texture": "#2"}
			}
		},
		{
			"from": [18, 3, 21],
			"to": [21, 13, 24],
			"rotation": {"angle": -45, "axis": "y", "origin": [20, -6, 20]},
			"faces": {
				"north": {"uv": [9.375, 4.375, 9.75, 5.625], "texture": "#2"},
				"east": {"uv": [9.375, 6.25, 9.75, 7.5], "texture": "#2"},
				"south": {"uv": [0, 9.5, 0.375, 10.75], "texture": "#2"},
				"west": {"uv": [0.375, 9.5, 0.75, 10.75], "texture": "#2"},
				"up": {"uv": [7.375, 11.25, 7, 10.875], "texture": "#2"},
				"down": {"uv": [7.75, 10.875, 7.375, 11.25], "texture": "#2"}
			}
		},
		{
			"from": [-5, 3, 21],
			"to": [-2, 13, 24],
			"rotation": {"angle": 45, "axis": "y", "origin": [-4, -6, 20]},
			"faces": {
				"north": {"uv": [4.75, 9.75, 5.125, 11], "texture": "#2"},
				"east": {"uv": [6, 9.75, 6.375, 11], "texture": "#2"},
				"south": {"uv": [9.375, 9.75, 9.75, 11], "texture": "#2"},
				"west": {"uv": [9.75, 9.75, 10.125, 11], "texture": "#2"},
				"up": {"uv": [8.875, 11.25, 8.5, 10.875], "texture": "#2"},
				"down": {"uv": [9.25, 10.875, 8.875, 11.25], "texture": "#2"}
			}
		},
		{
			"from": [16, 16.04, -9],
			"to": [22, 16.04, -8],
			"rotation": {"angle": 45, "axis": "y", "origin": [20, 6.125, -4]},
			"faces": {
				"north": {"uv": [0, 0, 3, 0], "texture": "#1"},
				"east": {"uv": [0, 0, 0.5, 0], "texture": "#1"},
				"south": {"uv": [0, 0, 3, 0], "texture": "#1"},
				"west": {"uv": [0, 0, 0.5, 0], "texture": "#1"},
				"up": {"uv": [6.5, 3.5, 3.5, 3], "texture": "#1"},
				"down": {"uv": [7, 3.5, 4, 4], "texture": "#1"}
			}
		},
		{
			"from": [2.01, 16.04, -4.99],
			"to": [13.99, 16.02, -4.01],
			"rotation": {"angle": 0, "axis": "y", "origin": [7.5, 15.125, 8]},
			"faces": {
				"north": {"uv": [0, 0, 6, 0], "texture": "#1"},
				"east": {"uv": [0, 0, 0.5, 0], "texture": "#1"},
				"south": {"uv": [0, 0, 6, 0], "texture": "#1"},
				"west": {"uv": [0, 0, 0.5, 0], "texture": "#1"},
				"up": {"uv": [6.5, 0.5, 0.5, 0], "texture": "#1"},
				"down": {"uv": [7, 0.5, 1, 1], "texture": "#1"}
			}
		},
		{
			"from": [-6, 16.04, -8],
			"to": [-5, 16.04, 0],
			"rotation": {"angle": -45, "axis": "y", "origin": [-4, 6.125, -4]},
			"faces": {
				"north": {"uv": [0, 0, 0.5, 0], "texture": "#1"},
				"east": {"uv": [0, 0, 4, 0], "texture": "#1"},
				"south": {"uv": [0, 0, 0.5, 0], "texture": "#1"},
				"west": {"uv": [0, 0, 4, 0], "texture": "#1"},
				"up": {"uv": [3.5, 7, 3, 3], "texture": "#1"},
				"down": {"uv": [4, 3.5, 3.5, 7.5], "texture": "#1"}
			}
		},
		{
			"from": [-6, 16.04, -9],
			"to": [0, 16.04, -8],
			"rotation": {"angle": -45, "axis": "y", "origin": [-4, 6.125, -4]},
			"faces": {
				"north": {"uv": [0, 0, 3, 0], "texture": "#1"},
				"east": {"uv": [0, 0, 0.5, 0], "texture": "#1"},
				"south": {"uv": [0, 0, 3, 0], "texture": "#1"},
				"west": {"uv": [0, 0, 0.5, 0], "texture": "#1"},
				"up": {"uv": [7.5, 4.5, 4.5, 4], "texture": "#1"},
				"down": {"uv": [8, 1.5, 5, 2], "texture": "#1"}
			}
		},
		{
			"from": [-6, 16.04, 0],
			"to": [0, 16.04, 1],
			"rotation": {"angle": -45, "axis": "y", "origin": [-4, 6.125, -4]},
			"faces": {
				"north": {"uv": [0, 0, 3, 0], "texture": "#1"},
				"east": {"uv": [0, 0, 0.5, 0], "texture": "#1"},
				"south": {"uv": [0, 0, 3, 0], "texture": "#1"},
				"west": {"uv": [0, 0, 0.5, 0], "texture": "#1"},
				"up": {"uv": [8, 5, 5, 4.5], "texture": "#1"},
				"down": {"uv": [8.5, 5, 5.5, 5.5], "texture": "#1"}
			}
		},
		{
			"from": [-4.99, 16.04, 2.01],
			"to": [-4.01, 16.02, 13.99],
			"rotation": {"angle": 0, "axis": "y", "origin": [8, 15.125, 8]},
			"faces": {
				"north": {"uv": [0, 0, 0.5, 0], "texture": "#1"},
				"east": {"uv": [0, 0, 6, 0], "texture": "#1"},
				"south": {"uv": [0, 0, 0.5, 0], "texture": "#1"},
				"west": {"uv": [0, 0, 6, 0], "texture": "#1"},
				"up": {"uv": [0.5, 16, 0, 10], "texture": "#1"},
				"down": {"uv": [1, 0.5, 0.5, 6.5], "texture": "#1"}
			}
		},
		{
			"from": [-6, 16.04, 15],
			"to": [0, 16.04, 16],
			"rotation": {"angle": 45, "axis": "y", "origin": [-4, 6.125, 20]},
			"faces": {
				"north": {"uv": [0, 0, 3, 0], "texture": "#1"},
				"east": {"uv": [0, 0, 0.5, 0], "texture": "#1"},
				"south": {"uv": [0, 0, 3, 0], "texture": "#1"},
				"west": {"uv": [0, 0, 0.5, 0], "texture": "#1"},
				"up": {"uv": [9, 6.5, 6, 6], "texture": "#1"},
				"down": {"uv": [9, 2.5, 6, 3], "texture": "#1"}
			}
		},
		{
			"from": [-6, 16.04, 16],
			"to": [-5, 16.04, 24],
			"rotation": {"angle": 45, "axis": "y", "origin": [-4, 6.125, 20]},
			"faces": {
				"north": {"uv": [0, 0, 0.5, 0], "texture": "#1"},
				"east": {"uv": [0, 0, 4, 0], "texture": "#1"},
				"south": {"uv": [0, 0, 0.5, 0], "texture": "#1"},
				"west": {"uv": [0, 0, 4, 0], "texture": "#1"},
				"up": {"uv": [4.5, 8, 4, 4], "texture": "#1"},
				"down": {"uv": [5, 4.5, 4.5, 8.5], "texture": "#1"}
			}
		},
		{
			"from": [-6, 16.04, 24],
			"to": [0, 16.04, 25],
			"rotation": {"angle": 45, "axis": "y", "origin": [-4, 6.125, 20]},
			"faces": {
				"north": {"uv": [0, 0, 3, 0], "texture": "#1"},
				"east": {"uv": [0, 0, 0.5, 0], "texture": "#1"},
				"south": {"uv": [0, 0, 3, 0], "texture": "#1"},
				"west": {"uv": [0, 0, 0.5, 0], "texture": "#1"},
				"up": {"uv": [9, 6, 6, 5.5], "texture": "#1"},
				"down": {"uv": [9, 6.5, 6, 7], "texture": "#1"}
			}
		},
		{
			"from": [2.01, 16.04, 20.01],
			"to": [13.99, 16.02, 20.99],
			"rotation": {"angle": 0, "axis": "y", "origin": [7.5, 15.125, 8]},
			"faces": {
				"north": {"uv": [0, 0, 6, 0], "texture": "#1"},
				"east": {"uv": [0, 0, 0.5, 0], "texture": "#1"},
				"south": {"uv": [0, 0, 6, 0], "texture": "#1"},
				"west": {"uv": [0, 0, 0.5, 0], "texture": "#1"},
				"up": {"uv": [7.5, 1.5, 1.5, 1], "texture": "#1"},
				"down": {"uv": [8, 2, 2, 2.5], "texture": "#1"}
			}
		},
		{
			"from": [16, 16.04, 24],
			"to": [22, 16.04, 25],
			"rotation": {"angle": -45, "axis": "y", "origin": [20, 6.125, 20]},
			"faces": {
				"north": {"uv": [0, 0, 3, 0], "texture": "#1"},
				"east": {"uv": [0, 0, 0.5, 0], "texture": "#1"},
				"south": {"uv": [0, 0, 3, 0], "texture": "#1"},
				"west": {"uv": [0, 0, 0.5, 0], "texture": "#1"},
				"up": {"uv": [9.5, 0.5, 6.5, 0], "texture": "#1"},
				"down": {"uv": [9.5, 3, 6.5, 3.5], "texture": "#1"}
			}
		},
		{
			"from": [21, 16.04, 16],
			"to": [22, 16.04, 24],
			"rotation": {"angle": -45, "axis": "y", "origin": [20, 6.125, 20]},
			"faces": {
				"north": {"uv": [0, 0, 0.5, 0], "texture": "#1"},
				"east": {"uv": [0, 0, 4, 0], "texture": "#1"},
				"south": {"uv": [0, 0, 0.5, 0], "texture": "#1"},
				"west": {"uv": [0, 0, 4, 0], "texture": "#1"},
				"up": {"uv": [5.5, 9, 5, 5], "texture": "#1"},
				"down": {"uv": [6, 5.5, 5.5, 9.5], "texture": "#1"}
			}
		},
		{
			"from": [16, 16.04, 15],
			"to": [22, 16.04, 16],
			"rotation": {"angle": -45, "axis": "y", "origin": [20, 6.125, 20]},
			"faces": {
				"north": {"uv": [0, 0, 3, 0], "texture": "#1"},
				"east": {"uv": [0, 0, 0.5, 0], "texture": "#1"},
				"south": {"uv": [0, 0, 3, 0], "texture": "#1"},
				"west": {"uv": [0, 0, 0.5, 0], "texture": "#1"},
				"up": {"uv": [9, 7.5, 6, 7], "texture": "#1"},
				"down": {"uv": [10, 0.5, 7, 1], "texture": "#1"}
			}
		},
		{
			"from": [20.01, 16.04, 2.01],
			"to": [20.99, 16.02, 13.99],
			"rotation": {"angle": 0, "axis": "y", "origin": [8, 15.125, 8]},
			"faces": {
				"north": {"uv": [0, 0, 0.5, 0], "texture": "#1"},
				"east": {"uv": [0, 0, 6, 0], "texture": "#1"},
				"south": {"uv": [0, 0, 0.5, 0], "texture": "#1"},
				"west": {"uv": [0, 0, 6, 0], "texture": "#1"},
				"up": {"uv": [0.5, 6, 0, 0], "texture": "#1"},
				"down": {"uv": [2, 1.5, 1.5, 7.5], "texture": "#1"}
			}
		},
		{
			"from": [16, 16.04, 0],
			"to": [22, 16.04, 1],
			"rotation": {"angle": 45, "axis": "y", "origin": [20, 6.125, -4]},
			"faces": {
				"north": {"uv": [0, 0, 3, 0], "texture": "#1"},
				"east": {"uv": [0, 0, 0.5, 0], "texture": "#1"},
				"south": {"uv": [0, 0, 3, 0], "texture": "#1"},
				"west": {"uv": [0, 0, 0.5, 0], "texture": "#1"},
				"up": {"uv": [5, 2, 2, 1.5], "texture": "#1"},
				"down": {"uv": [6, 2.5, 3, 3], "texture": "#1"}
			}
		},
		{
			"from": [21, 16.04, -8],
			"to": [22, 16.04, 0],
			"rotation": {"angle": 45, "axis": "y", "origin": [20, 6.125, -4]},
			"faces": {
				"north": {"uv": [0, 0, 0.5, 0], "texture": "#1"},
				"east": {"uv": [0, 0, 4, 0], "texture": "#1"},
				"south": {"uv": [0, 0, 0.5, 0], "texture": "#1"},
				"west": {"uv": [0, 0, 4, 0], "texture": "#1"},
				"up": {"uv": [2.5, 6.5, 2, 2.5], "texture": "#1"},
				"down": {"uv": [3, 2.5, 2.5, 6.5], "texture": "#1"}
			}
		}
	],
	"groups": [0, 1, 2, 3, 4, 5, 6, 7, 8, 9, 10, 11, 12, 13, 14, 15, 16, 17, 18, 19, 20, 21, 22, 23, 24,
		{
			"name": "group",
			"origin": [20, 12.5, -4],
			"children": [25, 26, 27, 28, 29, 30, 31, 32, 33, 34, 35, 36, 37, 38, 39, 40]
		}
	]
}
