{
	"credit": "Made with Blockbench",
	"texture_size": [64, 64],
	"textures": {
		"0": "block/crystals1_diffuse",
		"particle": "block/crystals1_diffuse"
	},
	"elements": [
		{
			"from": [6.5, 0, 5.5],
			"to": [11.5, 7, 10.5],
			"rotation": {"angle": 0, "axis": "y", "origin": [9, 3.5, 8]},
			"faces": {
				"north": {"uv": [0, 0, 1.25, 1.75], "texture": "#0"},
				"east": {"uv": [1.25, 1.25, 2.5, 3], "texture": "#0"},
				"south": {"uv": [0, 1.75, 1.25, 3.5], "texture": "#0"},
				"west": {"uv": [2.5, 2.5, 3.75, 4.25], "texture": "#0"},
				"up": {"uv": [2.5, 1.25, 1.25, 0], "texture": "#0"},
				"down": {"uv": [3.75, 0, 2.5, 1.25], "texture": "#0"}
			}
		},
		{
			"from": [7.5, 7, 6.5],
			"to": [10.5, 11, 9.5],
			"rotation": {"angle": 0, "axis": "y", "origin": [9, 10, 8]},
			"faces": {
				"north": {"uv": [4.75, 1.25, 5.5, 2.25], "texture": "#0"},
				"east": {"uv": [3.75, 5, 4.5, 6], "texture": "#0"},
				"south": {"uv": [5.25, 5.25, 6, 6.25], "texture": "#0"},
				"west": {"uv": [5.25, 0, 6, 1], "texture": "#0"},
				"up": {"uv": [5.25, 4.5, 4.5, 3.75], "texture": "#0"},
				"down": {"uv": [6, 2.25, 5.25, 3], "texture": "#0"}
			}
		},
		{
			"from": [7.5, -1, 3.5],
			"to": [10.5, 4, 6.5],
			"rotation": {"angle": -22.5, "axis": "x", "origin": [9, -1.16667, 5]},
			"faces": {
				"north": {"uv": [0.75, 4.25, 1.5, 5.5], "texture": "#0"},
				"east": {"uv": [1.5, 4.25, 2.25, 5.5], "texture": "#0"},
				"south": {"uv": [2.25, 4.25, 3, 5.5], "texture": "#0"},
				"west": {"uv": [3, 4.25, 3.75, 5.5], "texture": "#0"},
				"up": {"uv": [2.25, 6.25, 1.5, 5.5], "texture": "#0"},
				"down": {"uv": [3, 5.5, 2.25, 6.25], "texture": "#0"}
			}
		},
		{
			"from": [7.5, -1, 9.5],
			"to": [10.5, 4, 12.5],
			"rotation": {"angle": 22.5, "axis": "x", "origin": [9, -1.16667, 11]},
			"faces": {
				"north": {"uv": [4.5, 4.5, 5.25, 5.75], "texture": "#0"},
				"east": {"uv": [4.5, 0, 5.25, 1.25], "texture": "#0"},
				"south": {"uv": [4.5, 2.5, 5.25, 3.75], "texture": "#0"},
				"west": {"uv": [0, 4.75, 0.75, 6], "texture": "#0"},
				"up": {"uv": [3.75, 6.25, 3, 5.5], "texture": "#0"},
				"down": {"uv": [6.25, 1, 5.5, 1.75], "texture": "#0"}
			}
		},
		{
			"from": [12.67039, 1.02302, 6.5],
			"to": [15.67039, 6.02302, 9.5],
			"rotation": {"angle": -22.5, "axis": "z", "origin": [8, 5.30049, 8]},
			"faces": {
				"north": {"uv": [2.5, 1.25, 3.25, 2.5], "texture": "#0"},
				"east": {"uv": [1.25, 3, 2, 4.25], "texture": "#0"},
				"south": {"uv": [3.25, 1.25, 4, 2.5], "texture": "#0"},
				"west": {"uv": [0, 3.5, 0.75, 4.75], "texture": "#0"},
				"up": {"uv": [6, 3.75, 5.25, 3], "texture": "#0"},
				"down": {"uv": [6, 3.75, 5.25, 4.5], "texture": "#0"}
			}
		},
		{
			"from": [1.32961, 0.02302, 6.5],
			"to": [4.32961, 5.02302, 9.5],
			"rotation": {"angle": 22.5, "axis": "z", "origin": [9, 4.30049, 8]},
			"faces": {
				"north": {"uv": [3.75, 3.75, 4.5, 5], "texture": "#0"},
				"east": {"uv": [3.75, 0, 4.5, 1.25], "texture": "#0"},
				"south": {"uv": [3.75, 2.5, 4.5, 3.75], "texture": "#0"},
				"west": {"uv": [4, 1.25, 4.75, 2.5], "texture": "#0"},
				"up": {"uv": [6, 5.25, 5.25, 4.5], "texture": "#0"},
				"down": {"uv": [1.5, 5.5, 0.75, 6.25], "texture": "#0"}
			}
		},
		{
			"from": [8, 11, 7],
			"to": [10, 15, 9],
			"rotation": {"angle": 22.5, "axis": "y", "origin": [9, 16, 8]},
			"faces": {
				"north": {"uv": [2, 3, 2.5, 4], "texture": "#0"},
				"east": {"uv": [4.5, 5.75, 5, 6.75], "texture": "#0"},
				"south": {"uv": [0, 6, 0.5, 7], "texture": "#0"},
				"west": {"uv": [3.75, 6, 4.25, 7], "texture": "#0"},
				"up": {"uv": [6, 2.25, 5.5, 1.75], "texture": "#0"},
				"down": {"uv": [7, 6, 6.5, 6.5], "texture": "#0"}
			}
		},
		{
			"from": [8, 4, 4],
			"to": [10, 8, 6],
			"rotation": {"angle": -22.5, "axis": "x", "origin": [9, -1.16667, 5]},
			"faces": {
				"north": {"uv": [6, 6, 6.5, 7], "texture": "#0"},
				"east": {"uv": [6, 0, 6.5, 1], "texture": "#0"},
				"south": {"uv": [6, 1.75, 6.5, 2.75], "texture": "#0"},
				"west": {"uv": [6, 2.75, 6.5, 3.75], "texture": "#0"},
				"up": {"uv": [7.5, 6.25, 7, 5.75], "texture": "#0"},
				"down": {"uv": [7.5, 6.25, 7, 6.75], "texture": "#0"}
			}
		},
		{
			"from": [11, -1, 7],
			"to": [13, 3, 9],
			"rotation": {"angle": -22.5, "axis": "x", "origin": [12, -6.16667, 8]},
			"faces": {
				"north": {"uv": [1.5, 6.25, 2, 7.25], "texture": "#0"},
				"east": {"uv": [2, 6.25, 2.5, 7.25], "texture": "#0"},
				"south": {"uv": [2.5, 6.25, 3, 7.25], "texture": "#0"},
				"west": {"uv": [3, 6.25, 3.5, 7.25], "texture": "#0"},
				"up": {"uv": [2.5, 7.75, 2, 7.25], "texture": "#0"},
				"down": {"uv": [3, 7.25, 2.5, 7.75], "texture": "#0"}
			}
		},
		{
			"from": [8, -1, 4],
			"to": [10, 3, 6],
			"rotation": {"angle": 22.5, "axis": "z", "origin": [9, -6.16667, 5]},
			"faces": {
				"north": {"uv": [6.5, 5, 7, 6], "texture": "#0"},
				"east": {"uv": [4.25, 6.75, 4.75, 7.75], "texture": "#0"},
				"south": {"uv": [0, 7, 0.5, 8], "texture": "#0"},
				"west": {"uv": [3.5, 7, 4, 8], "texture": "#0"},
				"up": {"uv": [8, 8, 7.5, 7.5], "texture": "#0"},
				"down": {"uv": [8, 0, 7.5, 0.5], "texture": "#0"}
			}
		},
		{
			"from": [8, -1, 10],
			"to": [10, 3, 12],
			"rotation": {"angle": -22.5, "axis": "z", "origin": [9, -6.16667, 11]},
			"faces": {
				"north": {"uv": [5, 6.25, 5.5, 7.25], "texture": "#0"},
				"east": {"uv": [5.5, 6.25, 6, 7.25], "texture": "#0"},
				"south": {"uv": [6.5, 6.5, 7, 7.5], "texture": "#0"},
				"west": {"uv": [6.5, 0, 7, 1], "texture": "#0"},
				"up": {"uv": [3.5, 7.75, 3, 7.25], "texture": "#0"},
				"down": {"uv": [5.5, 7.25, 5, 7.75], "texture": "#0"}
			}
		},
		{
			"from": [5, -1, 7],
			"to": [7, 3, 9],
			"rotation": {"angle": 22.5, "axis": "x", "origin": [6, -6.16667, 8]},
			"faces": {
				"north": {"uv": [6.5, 1, 7, 2], "texture": "#0"},
				"east": {"uv": [6.5, 2, 7, 3], "texture": "#0"},
				"south": {"uv": [6.5, 3, 7, 4], "texture": "#0"},
				"west": {"uv": [6.5, 4, 7, 5], "texture": "#0"},
				"up": {"uv": [6, 7.75, 5.5, 7.25], "texture": "#0"},
				"down": {"uv": [7, 7.5, 6.5, 8], "texture": "#0"}
			}
		},
		{
			"from": [8, 4, 10],
			"to": [10, 8, 12],
			"rotation": {"angle": 22.5, "axis": "x", "origin": [9, -1.16667, 11]},
			"faces": {
				"north": {"uv": [6, 3.75, 6.5, 4.75], "texture": "#0"},
				"east": {"uv": [6, 4.75, 6.5, 5.75], "texture": "#0"},
				"south": {"uv": [0.5, 6.25, 1, 7.25], "texture": "#0"},
				"west": {"uv": [1, 6.25, 1.5, 7.25], "texture": "#0"},
				"up": {"uv": [1.5, 7.75, 1, 7.25], "texture": "#0"},
				"down": {"uv": [2, 7.25, 1.5, 7.75], "texture": "#0"}
			}
		},
		{
			"from": [13.17039, 6.02302, 7],
			"to": [15.17039, 9.02302, 9],
			"rotation": {"angle": -22.5, "axis": "z", "origin": [8, 5.30049, 8]},
			"faces": {
				"north": {"uv": [0.75, 3.5, 1.25, 4.25], "texture": "#0"},
				"east": {"uv": [6, 7, 6.5, 7.75], "texture": "#0"},
				"south": {"uv": [7, 7, 7.5, 7.75], "texture": "#0"},
				"west": {"uv": [7, 0, 7.5, 0.75], "texture": "#0"},
				"up": {"uv": [7.5, 4.25, 7, 3.75], "texture": "#0"},
				"down": {"uv": [7.5, 4.25, 7, 4.75], "texture": "#0"}
			}
		},
		{
			"from": [1.82961, 5.02302, 7],
			"to": [3.82961, 8.02302, 9],
			"rotation": {"angle": 22.5, "axis": "z", "origin": [9, 4.30049, 8]},
			"faces": {
				"north": {"uv": [7, 0.75, 7.5, 1.5], "texture": "#0"},
				"east": {"uv": [7, 1.5, 7.5, 2.25], "texture": "#0"},
				"south": {"uv": [7, 2.25, 7.5, 3], "texture": "#0"},
				"west": {"uv": [7, 3, 7.5, 3.75], "texture": "#0"},
				"up": {"uv": [7.5, 5.25, 7, 4.75], "texture": "#0"},
				"down": {"uv": [7.5, 5.25, 7, 5.75], "texture": "#0"}
			}
		},
		{
			"from": [8.5, 15, 7.5],
			"to": [9.5, 18, 8.5],
			"rotation": {"angle": -45, "axis": "y", "origin": [9, 20, 8]},
			"faces": {
				"north": {"uv": [4.25, 6, 4.5, 6.75], "texture": "#0"},
				"east": {"uv": [3.5, 6.25, 3.75, 7], "texture": "#0"},
				"south": {"uv": [6.25, 1, 6.5, 1.75], "texture": "#0"},
				"west": {"uv": [7.5, 0.5, 7.75, 1.25], "texture": "#0"},
				"up": {"uv": [2.25, 4.25, 2, 4], "texture": "#0"},
				"down": {"uv": [2.5, 4, 2.25, 4.25], "texture": "#0"}
			}
		},
		{
			"from": [8.5, 8, 4.5],
			"to": [9.5, 12, 5.5],
			"rotation": {"angle": -22.5, "axis": "x", "origin": [9, -1.16667, 5]},
			"faces": {
				"north": {"uv": [4.75, 6.75, 5, 7.75], "texture": "#0"},
				"east": {"uv": [4, 7, 4.25, 8], "texture": "#0"},
				"south": {"uv": [0.5, 7.25, 0.75, 8.25], "texture": "#0"},
				"west": {"uv": [0.75, 7.25, 1, 8.25], "texture": "#0"},
				"up": {"uv": [6.25, 6, 6, 5.75], "texture": "#0"},
				"down": {"uv": [6.5, 5.75, 6.25, 6], "texture": "#0"}
			}
		},
		{
			"from": [11.5, 3, 7.5],
			"to": [12.5, 4, 8.5],
			"rotation": {"angle": -22.5, "axis": "x", "origin": [12, -6.16667, 8]},
			"faces": {
				"north": {"uv": [7.5, 7.25, 7.75, 7.5], "texture": "#0"},
				"east": {"uv": [1.75, 7.75, 2, 8], "texture": "#0"},
				"south": {"uv": [2, 7.75, 2.25, 8], "texture": "#0"},
				"west": {"uv": [2.25, 7.75, 2.5, 8], "texture": "#0"},
				"up": {"uv": [2.75, 8, 2.5, 7.75], "texture": "#0"},
				"down": {"uv": [3, 7.75, 2.75, 8], "texture": "#0"}
			}
		},
		{
			"from": [8.5, 3, 4.5],
			"to": [9.5, 4, 5.5],
			"rotation": {"angle": 22.5, "axis": "z", "origin": [9, -6.16667, 5]},
			"faces": {
				"north": {"uv": [7.25, 7.75, 7.5, 8], "texture": "#0"},
				"east": {"uv": [7.75, 0.5, 8, 0.75], "texture": "#0"},
				"south": {"uv": [7.75, 0.75, 8, 1], "texture": "#0"},
				"west": {"uv": [7.75, 1, 8, 1.25], "texture": "#0"},
				"up": {"uv": [8, 1.5, 7.75, 1.25], "texture": "#0"},
				"down": {"uv": [8, 1.5, 7.75, 1.75], "texture": "#0"}
			}
		},
		{
			"from": [8.5, 3, 10.5],
			"to": [9.5, 4, 11.5],
			"rotation": {"angle": -22.5, "axis": "z", "origin": [9, -6.16667, 11]},
			"faces": {
				"north": {"uv": [3, 7.75, 3.25, 8], "texture": "#0"},
				"east": {"uv": [3.25, 7.75, 3.5, 8], "texture": "#0"},
				"south": {"uv": [4.25, 7.75, 4.5, 8], "texture": "#0"},
				"west": {"uv": [4.5, 7.75, 4.75, 8], "texture": "#0"},
				"up": {"uv": [5, 8, 4.75, 7.75], "texture": "#0"},
				"down": {"uv": [5.25, 7.75, 5, 8], "texture": "#0"}
			}
		},
		{
			"from": [5.5, 3, 7.5],
			"to": [6.5, 4, 8.5],
			"rotation": {"angle": 22.5, "axis": "x", "origin": [6, -6.16667, 8]},
			"faces": {
				"north": {"uv": [5.25, 7.75, 5.5, 8], "texture": "#0"},
				"east": {"uv": [5.5, 7.75, 5.75, 8], "texture": "#0"},
				"south": {"uv": [5.75, 7.75, 6, 8], "texture": "#0"},
				"west": {"uv": [6, 7.75, 6.25, 8], "texture": "#0"},
				"up": {"uv": [6.5, 8, 6.25, 7.75], "texture": "#0"},
				"down": {"uv": [7.25, 7.75, 7, 8], "texture": "#0"}
			}
		},
		{
			"from": [8.5, 8, 10.5],
			"to": [9.5, 11, 11.5],
			"rotation": {"angle": 22.5, "axis": "x", "origin": [9, -1.16667, 11]},
			"faces": {
				"north": {"uv": [7.5, 4.25, 7.75, 5], "texture": "#0"},
				"east": {"uv": [7.5, 5, 7.75, 5.75], "texture": "#0"},
				"south": {"uv": [7.5, 5.75, 7.75, 6.5], "texture": "#0"},
				"west": {"uv": [7.5, 6.5, 7.75, 7.25], "texture": "#0"},
				"up": {"uv": [7.25, 7, 7, 6.75], "texture": "#0"},
				"down": {"uv": [7.5, 6.75, 7.25, 7], "texture": "#0"}
			}
		},
		{
			"from": [13.67039, 9.02302, 7.5],
			"to": [14.67039, 12.02302, 8.5],
			"rotation": {"angle": -22.5, "axis": "z", "origin": [8, 5.30049, 8]},
			"faces": {
				"north": {"uv": [7.5, 1.25, 7.75, 2], "texture": "#0"},
				"east": {"uv": [7.5, 2, 7.75, 2.75], "texture": "#0"},
				"south": {"uv": [7.5, 2.75, 7.75, 3.5], "texture": "#0"},
				"west": {"uv": [7.5, 3.5, 7.75, 4.25], "texture": "#0"},
				"up": {"uv": [5, 2.5, 4.75, 2.25], "texture": "#0"},
				"down": {"uv": [5.25, 2.25, 5, 2.5], "texture": "#0"}
			}
		},
		{
			"from": [2.32961, 8.02302, 7.5],
			"to": [3.32961, 10.02302, 8.5],
			"rotation": {"angle": 22.5, "axis": "z", "origin": [9, 4.30049, 8]},
			"faces": {
				"north": {"uv": [5, 5.75, 5.25, 6.25], "texture": "#0"},
				"east": {"uv": [1, 7.75, 1.25, 8.25], "texture": "#0"},
				"south": {"uv": [1.25, 7.75, 1.5, 8.25], "texture": "#0"},
				"west": {"uv": [1.5, 7.75, 1.75, 8.25], "texture": "#0"},
				"up": {"uv": [5.5, 1.25, 5.25, 1], "texture": "#0"},
				"down": {"uv": [0.75, 6, 0.5, 6.25], "texture": "#0"}
			}
		}
	]
}