{
    "providers": [
		{
            "type": "bitmap",
            "file": "minecraft:text_images/monster/healthbar/healthbar_middle_full.png",
            "ascent": 34,
            "height": 70,
            "chars": [
                "\uE000"
            ]
        },
		{
            "type": "bitmap",
            "file": "minecraft:text_images/monster/healthbar/healthbar_middle_empty.png",
            "ascent": 34,
            "height": 70,
            "chars": [
                "\uE001"
            ]
        },
		{
            "type": "bitmap",
            "file": "minecraft:text_images/monster/healthbar/healthbar_left_full.png",
            "ascent": 34,
            "height": 70,
            "chars": [
                "\uE002"
            ]
        },
		{
            "type": "bitmap",
            "file": "minecraft:text_images/monster/healthbar/healthbar_left_empty.png",
            "ascent": 34,
            "height": 70,
            "chars": [
                "\uE003"
            ]
        },
		{
            "type": "bitmap",
            "file": "minecraft:text_images/monster/healthbar/healthbar_right_full.png",
            "ascent": 34,
            "height": 70,
            "chars": [
                "\uE004"
            ]
        },
		{
            "type": "bitmap",
            "file": "minecraft:text_images/monster/healthbar/healthbar_right_empty.png",
            "ascent": 34,
            "height": 70,
            "chars": [
                "\uE005"
            ]
        },
		{
            "type": "bitmap",
            "file": "minecraft:text_images/monster/healthbar/overheal_right_full.png",
            "ascent": 34,
            "height": 70,
            "chars": [
                "\uE006"
            ]
        },
		{
            "type": "bitmap",
            "file": "minecraft:text_images/monster/healthbar/overheal_middle_full.png",
            "ascent": 34,
            "height": 70,
            "chars": [
                "\uE007"
            ]
        },
		{
            "type": "bitmap",
            "file": "minecraft:text_images/monster/healthbar/overheal_middle_full_tick.png",
            "ascent": 34,
            "height": 70,
            "chars": [
                "\uE008"
            ]
        },
		{
            "type": "bitmap",
            "file": "minecraft:text_images/monster/healthbar/healthbar_middle_full_tick.png",
            "ascent": 34,
            "height": 70,
            "chars": [
                "\uE009"
            ]
        },
		{
            "type": "bitmap",
            "file": "minecraft:text_images/monster/healthbar/healthbar_middle_empty_tick.png",
            "ascent": 34,
            "height": 70,
            "chars": [
                "\uE00A"
            ]
        },
		{
            "type": "bitmap",
            "file": "minecraft:text_images/monster/healthbar/healthbar_middle_empty_tick_big.png",
            "ascent": 34,
            "height": 70,
            "chars": [
                "\uE00B"
            ]
        },
		{
            "type": "bitmap",
            "file": "minecraft:text_images/monster/healthbar/healthbar_middle_full_tick_big.png",
            "ascent": 34,
            "height": 70,
            "chars": [
                "\uE00C"
            ]
        },
		{
            "type": "bitmap",
            "file": "minecraft:text_images/monster/healthbar/overheal_middle_full_tick_big.png",
            "ascent": 34,
            "height": 70,
            "chars": [
                "\uE00D"
            ]
        },
		{
            "type": "bitmap",
            "file": "minecraft:text_images/player/healthbar/party/party_healthbar_left_full.png",
            "ascent": 34,
            "height": 70,
            "chars": [
                "\uE00E"
            ]
        },
		{
            "type": "bitmap",
            "file": "minecraft:text_images/player/healthbar/party/party_healthbar_middle_full.png",
            "ascent": 34,
            "height": 70,
            "chars": [
                "\uE00F"
            ]
        },
		{
            "type": "bitmap",
            "file": "minecraft:text_images/player/healthbar/party/party_healthbar_middle_full_tick.png",
            "ascent": 34,
            "height": 70,
            "chars": [
                "\uE100"
            ]
        },
		{
            "type": "bitmap",
            "file": "minecraft:text_images/player/healthbar/party/party_healthbar_middle_full_tick_big.png",
            "ascent": 34,
            "height": 70,
            "chars": [
                "\uE101"
            ]
        },
		{
            "type": "bitmap",
            "file": "minecraft:text_images/player/healthbar/party/party_healthbar_right_full.png",
            "ascent": 34,
            "height": 70,
            "chars": [
                "\uE102"
            ]
        },
		{
            "type": "bitmap",
            "file": "minecraft:text_images/player/healthbar/guild/guild_healthbar_left_full.png",
            "ascent": 34,
            "height": 70,
            "chars": [
                "\uE103"
            ]
        },
		{
            "type": "bitmap",
            "file": "minecraft:text_images/player/healthbar/guild/guild_healthbar_middle_full.png",
            "ascent": 34,
            "height": 70,
            "chars": [
                "\uE104"
            ]
        },
		{
            "type": "bitmap",
            "file": "minecraft:text_images/player/healthbar/guild/guild_healthbar_middle_full_tick.png",
            "ascent": 34,
            "height": 70,
            "chars": [
                "\uE105"
            ]
        },
		{
            "type": "bitmap",
            "file": "minecraft:text_images/player/healthbar/guild/guild_healthbar_middle_full_tick_big.png",
            "ascent": 34,
            "height": 70,
            "chars": [
                "\uE106"
            ]
        },
		{
            "type": "bitmap",
            "file": "minecraft:text_images/player/healthbar/guild/guild_healthbar_right_full.png",
            "ascent": 34,
            "height": 70,
            "chars": [
                "\uE107"
            ]
        },
		{
            "type": "bitmap",
            "file": "minecraft:text_images/gui/enchanter/enchanter.png",
            "ascent": 91,
            "height": 256,
            "chars": [
                "\uE108"
            ]
        },
		{
            "type": "bitmap",
            "file": "minecraft:text_images/gui/enchanter/enchanter_text.png",
            "ascent": 91,
            "height": 256,
            "chars": [
                "\uE109"
            ]
        },
		{
            "type": "bitmap",
            "file": "minecraft:text_images/gui/enchanter/accessories_enchanter_text.png",
            "ascent": 91,
            "height": 256,
            "chars": [
                "\uE10A"
            ]
        },
		{
            "type": "bitmap",
            "file": "minecraft:text_images/gui/enchanter/armor_enchanter_text.png",
            "ascent": 91,
            "height": 256,
            "chars": [
                "\uE10B"
            ]
        },
		{
            "type": "bitmap",
            "file": "minecraft:text_images/gui/enchanter/tools_enchanter_text.png",
            "ascent": 91,
            "height": 256,
            "chars": [
                "\uE10C"
            ]
        },
		{
            "type": "bitmap",
            "file": "minecraft:text_images/gui/enchanter/transfer_enchanter_text.png",
            "ascent": 91,
            "height": 256,
            "chars": [
                "\uE10D"
            ]
        },
		{
            "type": "bitmap",
            "file": "minecraft:text_images/gui/enchanter/weapons_enchanter_text.png",
            "ascent": 91,
            "height": 256,
            "chars": [
                "\uE10E"
            ]
        },
		{
            "type": "bitmap",
            "file": "minecraft:text_images/gui/enchanter/enchanter_blue.png",
            "ascent": 91,
            "height": 256,
            "chars": [
                "\uE10F"
            ]
        },
		{
            "type": "bitmap",
            "file": "minecraft:text_images/gui/enchanter/enchanter_white.png",
            "ascent": 91,
            "height": 256,
            "chars": [
                "\uE110"
            ]
        },
		{
            "type": "bitmap",
            "file": "minecraft:text_images/gui/enchanter/enchanter_both.png",
            "ascent": 91,
            "height": 256,
            "chars": [
                "\uE111"
            ]
        },
		{
            "type": "bitmap",
            "file": "minecraft:text_images/gui/skill_tree/skill_tree.png",
            "ascent": 91,
            "height": 256,
            "chars": [
                "\uE112"
            ]
        },
		{
            "type": "bitmap",
            "file": "minecraft:text_images/gui/skill_tree/bars/top_row1.png",
            "ascent": 91,
            "height": 256,
            "chars": [
                "\uE113"
            ]
        },
		{
            "type": "bitmap",
            "file": "minecraft:text_images/gui/skill_tree/bars/top_row2.png",
            "ascent": 91,
            "height": 256,
            "chars": [
                "\uE114"
            ]
        },
		{
            "type": "bitmap",
            "file": "minecraft:text_images/gui/skill_tree/bars/top_row3.png",
            "ascent": 91,
            "height": 256,
            "chars": [
                "\uE115"
            ]
        },
		{
            "type": "bitmap",
            "file": "minecraft:text_images/gui/skill_tree/bars/top_row4.png",
            "ascent": 91,
            "height": 256,
            "chars": [
                "\uE116"
            ]
        },
		{
            "type": "bitmap",
            "file": "minecraft:text_images/gui/skill_tree/bars/top_row5.png",
            "ascent": 91,
            "height": 256,
            "chars": [
                "\uE117"
            ]
        },
		{
            "type": "bitmap",
            "file": "minecraft:text_images/gui/skill_tree/bars/middle_row1.png",
            "ascent": 91,
            "height": 256,
            "chars": [
                "\uE118"
            ]
        },
		{
            "type": "bitmap",
            "file": "minecraft:text_images/gui/skill_tree/bars/middle_row2.png",
            "ascent": 91,
            "height": 256,
            "chars": [
                "\uE119"
            ]
        },
		{
            "type": "bitmap",
            "file": "minecraft:text_images/gui/skill_tree/bars/middle_row3.png",
            "ascent": 91,
            "height": 256,
            "chars": [
                "\uE11A"
            ]
        },
		{
            "type": "bitmap",
            "file": "minecraft:text_images/gui/skill_tree/bars/middle_row4.png",
            "ascent": 91,
            "height": 256,
            "chars": [
                "\uE11B"
            ]
        },
		{
            "type": "bitmap",
            "file": "minecraft:text_images/gui/skill_tree/bars/middle_row5.png",
            "ascent": 91,
            "height": 256,
            "chars": [
                "\uE11C"
            ]
        },
		{
            "type": "bitmap",
            "file": "minecraft:text_images/gui/quality_upgrading/quality_upgrader.png",
            "ascent": 91,
            "height": 256,
            "chars": [
                "\uE11D"
            ]
        },
		{
            "type": "bitmap",
            "file": "minecraft:text_images/gui/quality_upgrading/quality_upgrader_bar.png",
            "ascent": 91,
            "height": 256,
            "chars": [
                "\uE11E"
            ]
        },
		{
            "type": "bitmap",
            "file": "minecraft:text_images/gui/quality_upgrading/armor_enchanter_text.png",
            "ascent": 91,
            "height": 256,
            "chars": [
                "\uE120"
            ]
        },
		{
            "type": "bitmap",
            "file": "minecraft:text_images/gui/blacksmith_text.png",
            "ascent": 91,
            "height": 256,
            "chars": [
                "\uE121"
            ]
        },
		{
            "type": "bitmap",
            "file": "minecraft:text_images/gui/shop_general_vendor_text.png",
            "ascent": 91,
            "height": 256,
            "chars": [
                "\uE122"
            ]
        },
		{
            "type": "bitmap",
            "file": "minecraft:text_images/gui/quality_upgrading/weapons_quality_transfer_text.png",
            "ascent": 91,
            "height": 256,
            "chars": [
                "\uE124"
            ]
        },
		{
            "type": "bitmap",
            "file": "minecraft:text_images/gui/gui1.png",
            "ascent": 91,
            "height": 256,
            "chars": [
                "\uE125"
            ]
        },
		{
            "type": "bitmap",
            "file": "minecraft:text_images/gui/gui2.png",
            "ascent": 91,
            "height": 256,
            "chars": [
                "\uE126"
            ]
        },
		{
            "type": "bitmap",
            "file": "minecraft:text_images/gui/general_vendor_text.png",
            "ascent": 91,
            "height": 256,
            "chars": [
                "\uE127"
            ]
        },
		{
            "type": "bitmap",
            "file": "minecraft:text_images/gui/skill_tree/skill_trees_text.png",
            "ascent": 91,
            "height": 256,
            "chars": [
                "\uE128"
            ]
        },
		{
            "type": "bitmap",
            "file": "minecraft:text_images/gui/marketplace/marketplace.png",
            "ascent": 91,
            "height": 256,
            "chars": [
                "\uE129"
            ]
        },
		{
            "type": "bitmap",
            "file": "minecraft:text_images/gui/marketplace/marketplace_text.png",
            "ascent": 91,
            "height": 256,
            "chars": [
                "\uE12A"
            ]
        },
		{
            "type": "bitmap",
            "file": "minecraft:text_images/gui/marketplace/marketplace_view_orders.png",
            "ascent": 91,
            "height": 256,
            "chars": [
                "\uE12B"
            ]
        },
		{
            "type": "bitmap",
            "file": "minecraft:text_images/gui/marketplace/marketplace_all_orders.png",
            "ascent": 91,
            "height": 256,
            "chars": [
                "\uE12C"
            ]
        },
		{
			"type": "space",
			"advances": {
				" ": 4,
				"\uF800": -1,
				"\uF801": -2,
				"\uF802": -3,
				"\uF803": -4,
				"\uF804": -5,
				"\uF805": -6,
				"\uF806": -7,
				"\uF807": -8,
				"\uF808": -9,
				"\uF809": -10,
				"\uF80A": -11,
				"\uF80B": -12,
				"\uF80C": -13,
				"\uF80D": -14,
				"\uF80E": -15,
				"\uF80F": -16,
				"\uF810": -17,
				"\uF811": -18,
				"\uF812": -19,
				"\uF813": -20,
				"\uF814": -21,
				"\uF815": -22,
				"\uF816": -23,
				"\uF817": -24,
				"\uF818": -25,
				"\uF819": -26,
				"\uF81A": -27,
				"\uF81B": -28,
				"\uF81C": -29,
				"\uF81D": -30,
				"\uF81E": -31,
				"\uF81F": -32,
				"\uF820": -33,
				"\uF821": -34,
				"\uF822": -35,
				"\uF823": -36,
				"\uF824": -37,
				"\uF825": -38,
				"\uF826": -39,
				"\uF827": -40,
				"\uF828": -41,
				"\uF829": -42,
				"\uF82A": -43,
				"\uF82B": -44,
				"\uF82C": -45,
				"\uF82D": -46,
				"\uF82E": -47,
				"\uF82F": -48,
				"\uF830": -49,
				"\uF831": -50,
				"\uF700": 1,
				"\uF701": 2,
				"\uF702": 3,
				"\uF703": 4,
				"\uF704": 5,
				"\uF705": 6,
				"\uF706": 7,
				"\uF707": 8,
				"\uF708": 9,
				"\uF709": 10,
				"\uF70A": 11,
				"\uF70B": 12,
				"\uF70C": 13,
				"\uF70D": 14,
				"\uF70E": 15,
				"\uF70D": 16,
				"\uF710": 17,
				"\uF711": 18,
				"\uF712": 19,
				"\uF713": 20,
				"\uF714": 21,
				"\uF715": 22,
				"\uF716": 23,
				"\uF717": 24,
				"\uF718": 25,
				"\uF719": 26,
				"\uF71A": 27,
				"\uF71B": 28,
				"\uF71C": 29,
				"\uF71D": 30,
				"\uF71E": 31,
				"\uF71F": 32,
				"\uF720": 33,
				"\uF721": 34,
				"\uF722": 35,
				"\uF723": 36,
				"\uF724": 37,
				"\uF725": 38,
				"\uF726": 39,
				"\uF727": 40,
				"\uF728": 41,
				"\uF729": 42,
				"\uF72A": 43,
				"\uF72B": 44,
				"\uF72C": 45,
				"\uF72D": 46,
				"\uF72E": 47,
				"\uF72F": 48,
				"\uF730": 49,
				"\uF731": 50
			}
		}
    ]
}