{
	"credit": "Made with Blockbench",
	"textures": {
		"0": "item/abilities/charged_arrow",
		"1": "item/abilities/charged_arrow_effect",
		"particle": "item/abilities/charged_arrow"
	},
	"elements": [
		{
			"from": [7.75, 7, 0.5],
			"to": [8.25, 7.5, 16],
			"rotation": {"angle": 0, "axis": "y", "origin": [-0.25, 0, 0]},
			"faces": {
				"north": {"uv": [1, 4.5, 1.25, 4.75], "texture": "#0"},
				"east": {"uv": [0, 0, 7.75, 0.25], "texture": "#0"},
				"south": {"uv": [4.5, 1, 4.75, 1.25], "texture": "#0"},
				"west": {"uv": [0, 0.5, 7.75, 0.75], "texture": "#0"},
				"up": {"uv": [0.25, 8.75, 0, 1], "texture": "#0"},
				"down": {"uv": [0.75, 1, 0.5, 8.75], "texture": "#0"}
			}
		},
		{
			"from": [7.25, 7, -1],
			"to": [8.75, 7.5, 0.5],
			"rotation": {"angle": 0, "axis": "z", "origin": [8, 7.25, -1]},
			"faces": {
				"north": {"uv": [3, 2, 3.75, 2.25], "texture": "#0"},
				"east": {"uv": [4, 2, 4.75, 2.25], "texture": "#0"},
				"south": {"uv": [4, 2.5, 4.75, 2.75], "texture": "#0"},
				"west": {"uv": [4, 3, 4.75, 3.25], "texture": "#0"},
				"up": {"uv": [3.25, 4.25, 2.5, 3.5], "texture": "#0"},
				"down": {"uv": [4.25, 3.5, 3.5, 4.25], "texture": "#0"}
			}
		},
		{
			"from": [7.75, 7, -1.5],
			"to": [8.25, 7.5, -1],
			"rotation": {"angle": 0, "axis": "z", "origin": [8, 7.25, -1]},
			"faces": {
				"north": {"uv": [1.5, 4.5, 1.75, 4.75], "texture": "#0"},
				"east": {"uv": [4.5, 1.5, 4.75, 1.75], "texture": "#0"},
				"south": {"uv": [2, 4.5, 2.25, 4.75], "texture": "#0"},
				"west": {"uv": [2.5, 4.5, 2.75, 4.75], "texture": "#0"},
				"up": {"uv": [3.25, 4.75, 3, 4.5], "texture": "#0"},
				"down": {"uv": [3.75, 4.5, 3.5, 4.75], "texture": "#0"}
			}
		},
		{
			"from": [8, 6, 15],
			"to": [8, 7.5, 18],
			"rotation": {"angle": 45, "axis": "z", "origin": [8, 7.25, 16.5]},
			"faces": {
				"north": {"uv": [0, 0, 0, 0.75], "texture": "#0"},
				"east": {"uv": [1, 2.5, 2.5, 3.25], "texture": "#0"},
				"south": {"uv": [0, 0, 0, 0.75], "texture": "#0"},
				"west": {"uv": [2.5, 2.5, 4, 3.25], "texture": "#0"},
				"up": {"uv": [0, 1.5, 0, 0], "texture": "#0"},
				"down": {"uv": [0, 0, 0, 1.5], "texture": "#0"}
			}
		},
		{
			"from": [8, 6, 15],
			"to": [8, 7.5, 18],
			"rotation": {"angle": -45, "axis": "z", "origin": [8, 7.25, 16.5]},
			"faces": {
				"north": {"uv": [0, 0, 0, 0.75], "texture": "#0"},
				"east": {"uv": [4, 2.5, 2.5, 3.25], "texture": "#0"},
				"south": {"uv": [0, 0, 0, 0.75], "texture": "#0"},
				"west": {"uv": [2.5, 2.5, 1, 3.25], "texture": "#0"},
				"up": {"uv": [0, 1.5, 0, 0], "texture": "#0"},
				"down": {"uv": [0, 0, 0, 1.5], "texture": "#0"}
			}
		},
		{
			"from": [8, 7, 15],
			"to": [8, 8.5, 18],
			"rotation": {"angle": 0, "axis": "z", "origin": [8, 7.25, 16.5]},
			"faces": {
				"north": {"uv": [0, 0, 0, 0.75], "texture": "#0"},
				"east": {"uv": [3, 1, 4.5, 1.75], "texture": "#0"},
				"south": {"uv": [0, 0, 0, 0.75], "texture": "#0"},
				"west": {"uv": [1, 3.5, 2.5, 4.25], "texture": "#0"},
				"up": {"uv": [0, 1.5, 0, 0], "texture": "#0"},
				"down": {"uv": [0, 0, 0, 1.5], "texture": "#0"}
			}
		},
		{
			"from": [7.5, 6.75, -1.75],
			"to": [8.5, 7.75, -1.75],
			"rotation": {"angle": -45, "axis": "z", "origin": [8, 7.25, -1.75]},
			"faces": {
				"north": {"uv": [7, 0, 8, 1], "texture": "#1"},
				"east": {"uv": [0, 0, 0, 1], "texture": "#1"},
				"south": {"uv": [7, 1, 8, 2], "texture": "#1"},
				"west": {"uv": [0, 0, 0, 1], "texture": "#1"},
				"up": {"uv": [1, 0, 0, 0], "texture": "#1"},
				"down": {"uv": [1, 0, 0, 0], "texture": "#1"}
			}
		},
		{
			"from": [7, 6.25, 2],
			"to": [9, 8.25, 2],
			"rotation": {"angle": 45, "axis": "z", "origin": [8, 7.25, 5.66667]},
			"faces": {
				"north": {"uv": [4, 6, 6, 8], "texture": "#1"},
				"east": {"uv": [0, 0, 0, 2], "texture": "#1"},
				"south": {"uv": [6, 6, 8, 8], "texture": "#1"},
				"west": {"uv": [0, 0, 0, 2], "texture": "#1"},
				"up": {"uv": [2, 0, 0, 0], "texture": "#1"},
				"down": {"uv": [2, 0, 0, 0], "texture": "#1"}
			}
		},
		{
			"from": [6.5, 5.75, 5.5],
			"to": [9.5, 8.75, 5.5],
			"rotation": {"angle": 0, "axis": "z", "origin": [8, 7.25, 5.66667]},
			"faces": {
				"north": {"uv": [4, 0, 7, 3], "rotation": 270, "texture": "#1"},
				"east": {"uv": [3, 0, 0, 0], "rotation": 90, "texture": "#1"},
				"south": {"uv": [4, 3, 7, 6], "rotation": 90, "texture": "#1"},
				"west": {"uv": [3, 0, 0, 0], "rotation": 90, "texture": "#1"},
				"up": {"uv": [0, 0, 0, 3], "rotation": 90, "texture": "#1"},
				"down": {"uv": [0, 0, 0, 3], "rotation": 90, "texture": "#1"}
			}
		},
		{
			"from": [6, 5.25, 9.5],
			"to": [10, 9.25, 9.5],
			"rotation": {"angle": 45, "axis": "z", "origin": [8, 7.25, 5.66667]},
			"faces": {
				"north": {"uv": [0, 0, 4, 4], "rotation": 90, "texture": "#1"},
				"east": {"uv": [4, 0, 0, 0], "rotation": 270, "texture": "#1"},
				"south": {"uv": [0, 4, 4, 8], "rotation": 270, "texture": "#1"},
				"west": {"uv": [4, 0, 0, 0], "rotation": 270, "texture": "#1"},
				"up": {"uv": [0, 0, 0, 4], "rotation": 270, "texture": "#1"},
				"down": {"uv": [0, 0, 0, 4], "rotation": 270, "texture": "#1"}
			}
		},
		{
			"from": [6, 5.25, 9.5],
			"to": [10, 9.25, 9.5],
			"rotation": {"angle": 45, "axis": "z", "origin": [8, 7.25, 5.66667]},
			"faces": {
				"north": {"uv": [4, 6, 0, 10], "rotation": 90, "texture": "#1"},
				"east": {"uv": [4, 0, 0, 0], "rotation": 270, "texture": "#1"},
				"south": {"uv": [4, 0, 0, 4], "rotation": 270, "texture": "#1"},
				"west": {"uv": [4, 0, 0, 0], "rotation": 270, "texture": "#1"},
				"up": {"uv": [0, 0, 0, 4], "rotation": 270, "texture": "#1"},
				"down": {"uv": [0, 0, 0, 4], "rotation": 270, "texture": "#1"}
			}
		},
		{
			"from": [6.5, 5.75, 5.5],
			"to": [9.5, 8.75, 5.5],
			"rotation": {"angle": 0, "axis": "z", "origin": [8, 7.25, 5.66667]},
			"faces": {
				"north": {"uv": [4, 6, 7, 3], "rotation": 90, "texture": "#1"},
				"east": {"uv": [3, 0, 0, 0], "rotation": 90, "texture": "#1"},
				"south": {"uv": [4, 3, 7, 0], "rotation": 270, "texture": "#1"},
				"west": {"uv": [3, 0, 0, 0], "rotation": 90, "texture": "#1"},
				"up": {"uv": [0, 0, 0, 3], "rotation": 90, "texture": "#1"},
				"down": {"uv": [0, 0, 0, 3], "rotation": 90, "texture": "#1"}
			}
		},
		{
			"from": [7, 6.25, 2],
			"to": [9, 8.25, 2],
			"rotation": {"angle": 45, "axis": "z", "origin": [8, 7.25, 5.66667]},
			"faces": {
				"north": {"uv": [4, 6, 6, 4], "rotation": 180, "texture": "#1"},
				"east": {"uv": [0, 0, 0, 2], "texture": "#1"},
				"south": {"uv": [4, 8, 6, 6], "rotation": 180, "texture": "#1"},
				"west": {"uv": [0, 0, 0, 2], "texture": "#1"},
				"up": {"uv": [2, 0, 0, 0], "texture": "#1"},
				"down": {"uv": [2, 0, 0, 0], "texture": "#1"}
			}
		}
	],
	"display": {
		"head": {
			"scale": [2.41, 2.41, 2.41]
		}
	},
	"groups": [0, 1, 2, 3, 4, 5, 6,
		{
			"name": "group",
			"origin": [8, 7.25, -1.66667],
			"color": 0,
			"children": [7, 8, 9, 10, 11, 12]
		}
	]
}