{
	"credit": "Made with Blockbench",
	"texture_size": [64, 64],
	"textures": {
		"0": "item/abilities/golem_rock2",
		"particle": "item/abilities/golem_rock2"
	},
	"elements": [
		{
			"from": [2, -5.57143, 2],
			"to": [14, 6.42857, 14],
			"rotation": {"angle": -22.5, "axis": "x", "origin": [8.5, 0.21429, 8]},
			"faces": {
				"north": {"uv": [3, 0, 6, 3], "rotation": 180, "texture": "#0"},
				"east": {"uv": [0, 3, 3, 6], "rotation": 180, "texture": "#0"},
				"south": {"uv": [0, 0, 3, 3], "rotation": 180, "texture": "#0"},
				"west": {"uv": [3, 3, 6, 6], "rotation": 180, "texture": "#0"},
				"up": {"uv": [9, 0, 6, 3], "texture": "#0"},
				"down": {"uv": [3, 9, 0, 6], "texture": "#0"}
			}
		},
		{
			"from": [1, -6.57143, 9],
			"to": [8, -0.57143, 15],
			"rotation": {"angle": -22.5, "axis": "x", "origin": [8.5, 0.21429, 8]},
			"faces": {
				"north": {"uv": [7.5, 3, 9.25, 4.5], "rotation": 180, "texture": "#0"},
				"east": {"uv": [0, 9, 1.5, 10.5], "rotation": 180, "texture": "#0"},
				"south": {"uv": [6, 7, 7.75, 8.5], "rotation": 180, "texture": "#0"},
				"west": {"uv": [9, 0, 10.5, 1.5], "rotation": 180, "texture": "#0"},
				"up": {"uv": [9.5, 6, 7.75, 7.5], "texture": "#0"},
				"down": {"uv": [9.25, 6, 7.5, 4.5], "texture": "#0"}
			}
		},
		{
			"from": [4, 0.42857, 9],
			"to": [10, 7.42857, 15],
			"rotation": {"angle": -22.5, "axis": "x", "origin": [8.5, 0.21429, 8]},
			"faces": {
				"north": {"uv": [4.5, 8, 6, 9.75], "rotation": 180, "texture": "#0"},
				"east": {"uv": [3, 8, 4.5, 9.75], "rotation": 180, "texture": "#0"},
				"south": {"uv": [7.75, 7.5, 9.25, 9.25], "rotation": 180, "texture": "#0"},
				"west": {"uv": [6, 8.5, 7.5, 10.25], "rotation": 180, "texture": "#0"},
				"up": {"uv": [10.5, 1.5, 9, 3], "texture": "#0"},
				"down": {"uv": [3, 10.5, 1.5, 9], "texture": "#0"}
			}
		},
		{
			"from": [9, 3.42857, 1],
			"to": [15, 7.42857, 7],
			"rotation": {"angle": -22.5, "axis": "x", "origin": [8.5, 0.21429, 8]},
			"faces": {
				"north": {"uv": [10.75, 7.5, 12.25, 8.5], "rotation": 180, "texture": "#0"},
				"east": {"uv": [7.5, 10.75, 9, 11.75], "rotation": 180, "texture": "#0"},
				"south": {"uv": [10.75, 4.5, 12.25, 5.5], "rotation": 180, "texture": "#0"},
				"west": {"uv": [9, 10.75, 10.5, 11.75], "rotation": 180, "texture": "#0"},
				"up": {"uv": [6, 9.75, 4.5, 11.25], "texture": "#0"},
				"down": {"uv": [4.5, 11.25, 3, 9.75], "texture": "#0"}
			}
		},
		{
			"from": [1, -1.57143, 1],
			"to": [7, 4.42857, 7],
			"rotation": {"angle": -22.5, "axis": "x", "origin": [8.5, 0.21429, 8]},
			"faces": {
				"north": {"uv": [10.5, 0, 12, 1.5], "rotation": 180, "texture": "#0"},
				"east": {"uv": [0, 10.5, 1.5, 12], "rotation": 180, "texture": "#0"},
				"south": {"uv": [6, 10.25, 7.5, 11.75], "rotation": 180, "texture": "#0"},
				"west": {"uv": [1.5, 10.5, 3, 12], "rotation": 180, "texture": "#0"},
				"up": {"uv": [12, 9, 10.5, 10.5], "texture": "#0"},
				"down": {"uv": [12, 3, 10.5, 1.5], "texture": "#0"}
			}
		},
		{
			"from": [9, -6.57143, 1],
			"to": [15, 1.42857, 7],
			"rotation": {"angle": -22.5, "axis": "x", "origin": [8.5, 0.21429, 8]},
			"faces": {
				"north": {"uv": [4.5, 6, 6, 8], "rotation": 180, "texture": "#0"},
				"east": {"uv": [6, 3, 7.5, 5], "rotation": 180, "texture": "#0"},
				"south": {"uv": [3, 6, 4.5, 8], "rotation": 180, "texture": "#0"},
				"west": {"uv": [6, 5, 7.5, 7], "rotation": 180, "texture": "#0"},
				"up": {"uv": [12.25, 3, 10.75, 4.5], "texture": "#0"},
				"down": {"uv": [12, 12, 10.5, 10.5], "texture": "#0"}
			}
		},
		{
			"from": [9, -6.57143, 9],
			"to": [15, -0.57143, 15],
			"rotation": {"angle": -22.5, "axis": "x", "origin": [8.5, 0.21429, 8]},
			"faces": {
				"north": {"uv": [7.5, 9.25, 9, 10.75], "rotation": 180, "texture": "#0"},
				"east": {"uv": [9.25, 4.5, 10.75, 6], "rotation": 180, "texture": "#0"},
				"south": {"uv": [9.25, 3, 10.75, 4.5], "rotation": 180, "texture": "#0"},
				"west": {"uv": [9.25, 7.5, 10.75, 9], "rotation": 180, "texture": "#0"},
				"up": {"uv": [11, 6, 9.5, 7.5], "texture": "#0"},
				"down": {"uv": [10.5, 10.75, 9, 9.25], "texture": "#0"}
			}
		}
	],
	"display": {
		"thirdperson_righthand": {
			"translation": [-6.5, 0, 0]
		},
		"head": {
			"rotation": [-12.25, 18.25, 25],
			"translation": [-6.25, 1.25, -4],
			"scale": [2.06, 2.06, 2.06]
		}
	}
}