{
	"credit": "Made with Blockbench",
	"textures": {
		"0": "item/shield_throw_base",
		"1": "item/shield_throw_wave",
		"3": "item/shield_throw_wind",
		"particle": "item/shield_throw_base"
	},
	"elements": [
		{
			"from": [8, -16, 1.92202],
			"to": [32, 32, 1.92202],
			"rotation": {"angle": -22.5, "axis": "y", "origin": [8, 8, 1.92202]},
			"faces": {
				"north": {"uv": [0, 0, 8, 16], "texture": "#0"},
				"east": {"uv": [0, 0, 0, 16], "texture": "#missing"},
				"south": {"uv": [8, 0, 0, 16], "texture": "#0"},
				"west": {"uv": [0, 0, 0, 16], "texture": "#missing"},
				"up": {"uv": [0, 0, 8, 0], "texture": "#missing"},
				"down": {"uv": [0, 0, 8, 0], "texture": "#missing"}
			}
		},
		{
			"from": [8, -16, 0.42202],
			"to": [32, 32, 0.42202],
			"rotation": {"angle": -22.5, "axis": "y", "origin": [8, 8, 0.42202]},
			"faces": {
				"north": {"uv": [0, 0, 8, 16], "texture": "#1"},
				"east": {"uv": [0, 0, 0, 16], "texture": "#missing"},
				"south": {"uv": [8, 0, 0, 16], "texture": "#1"},
				"west": {"uv": [0, 0, 0, 16], "texture": "#missing"},
				"up": {"uv": [0, 0, 8, 0], "texture": "#missing"},
				"down": {"uv": [0, 0, 8, 0], "texture": "#missing"}
			}
		},
		{
			"from": [-16, -16, 1.92202],
			"to": [8, 32, 1.92202],
			"rotation": {"angle": 22.5, "axis": "y", "origin": [8, 8, 1.92202]},
			"faces": {
				"north": {"uv": [8, 0, 16, 16], "texture": "#0"},
				"east": {"uv": [0, 0, 0, 16], "texture": "#missing"},
				"south": {"uv": [16, 0, 8, 16], "texture": "#0"},
				"west": {"uv": [0, 0, 0, 16], "texture": "#missing"},
				"up": {"uv": [0, 0, 8, 0], "texture": "#missing"},
				"down": {"uv": [0, 0, 8, 0], "texture": "#missing"}
			}
		},
		{
			"from": [-16, -16, 0.42202],
			"to": [8, 32, 0.42202],
			"rotation": {"angle": 22.5, "axis": "y", "origin": [8, 8, 0.42202]},
			"faces": {
				"north": {"uv": [8, 0, 16, 16], "texture": "#1"},
				"east": {"uv": [0, 0, 0, 16], "texture": "#missing"},
				"south": {"uv": [16, 0, 8, 16], "texture": "#1"},
				"west": {"uv": [0, 0, 0, 16], "texture": "#missing"},
				"up": {"uv": [0, 0, 8, 0], "texture": "#missing"},
				"down": {"uv": [0, 0, 8, 0], "texture": "#missing"}
			}
		},
		{
			"from": [8, -8.5, 2.07202],
			"to": [8, 12.5, 23.07202],
			"rotation": {"angle": 0, "axis": "y", "origin": [-16, -16, -19.07798]},
			"faces": {
				"north": {"uv": [0, 0, 0, 7], "texture": "#3"},
				"east": {"uv": [7, 0, 0, 7], "texture": "#3"},
				"south": {"uv": [0, 0, 0, 7], "texture": "#3"},
				"west": {"uv": [0, 0, 7, 7], "texture": "#3"},
				"up": {"uv": [0, 0, 0, 7], "texture": "#3"},
				"down": {"uv": [0, 0, 0, 7], "texture": "#3"}
			}
		},
		{
			"from": [2, 0.5, 5.07202],
			"to": [2, 21.5, 26.07202],
			"rotation": {"angle": 0, "axis": "y", "origin": [-16, -16, -19.07798]},
			"faces": {
				"north": {"uv": [0, 0, 0, 7], "texture": "#3"},
				"east": {"uv": [7, 0, 0, 7], "texture": "#3"},
				"south": {"uv": [0, 0, 0, 7], "texture": "#3"},
				"west": {"uv": [0, 0, 7, 7], "texture": "#3"},
				"up": {"uv": [0, 0, 0, 7], "texture": "#3"},
				"down": {"uv": [0, 0, 0, 7], "texture": "#3"}
			}
		},
		{
			"from": [14, 0.5, 5.07202],
			"to": [14, 21.5, 26.07202],
			"rotation": {"angle": 0, "axis": "y", "origin": [-16, -16, -19.07798]},
			"faces": {
				"north": {"uv": [0, 0, 0, 7], "texture": "#3"},
				"east": {"uv": [7, 0, 0, 7], "texture": "#3"},
				"south": {"uv": [0, 0, 0, 7], "texture": "#3"},
				"west": {"uv": [0, 0, 7, 7], "texture": "#3"},
				"up": {"uv": [0, 0, 0, 7], "texture": "#3"},
				"down": {"uv": [0, 0, 0, 7], "texture": "#3"}
			}
		}
	],
	"display": {
		"firstperson_righthand": {
			"translation": [0.5, 3.5, 0]
		},
		"firstperson_lefthand": {
			"translation": [0.5, 3.5, 0]
		},
		"ground": {
			"translation": [0, 8.75, 0],
			"scale": [1.81, 1.81, 1.81]
		},
		"gui": {
			"translation": [0, 2.25, 0],
			"scale": [2.58, 2.58, 2.58]
		},
		"head": {
			"translation": [0, -48.5, -14.5],
			"scale": [4, 4, 4]
		},
		"fixed": {
			"translation": [0, 1, -5.25],
			"scale": [4, 4, 4]
		}
	}
}