{
	"credit": "Made with Blockbench",
	"textures": {
		"0": "item/shield_bash_background",
		"1": "item/shield_bash_outline",
		"2": "item/shield_bash_icon",
		"particle": "item/shield_bash_background"
	},
	"elements": [
		{
			"from": [7.51578, -1.18955, 6.60098],
			"to": [21.0633, 29.77621, 6.60098],
			"rotation": {"angle": -22.5, "axis": "y", "origin": [8, -2.57387, 7.76998]},
			"faces": {
				"north": {"uv": [1, 0, 8, 16], "texture": "#0"},
				"east": {"uv": [0, 0, 0, 16], "texture": "#missing"},
				"south": {"uv": [8, 0, 1, 16], "texture": "#0"},
				"west": {"uv": [0, 0, 0, 16], "texture": "#missing"},
				"up": {"uv": [0, 0, 7, 0], "texture": "#missing"},
				"down": {"uv": [0, 0, 7, 0], "texture": "#missing"}
			}
		},
		{
			"from": [7.33062, -1.18955, 5.47896],
			"to": [20.87814, 29.77621, 5.47896],
			"rotation": {"angle": -22.5, "axis": "y", "origin": [8, -2.57387, 7.09498]},
			"faces": {
				"north": {"uv": [1, 0, 8, 16], "texture": "#2"},
				"east": {"uv": [0, 0, 0, 16], "texture": "#missing"},
				"south": {"uv": [8, 0, 1, 16], "texture": "#2"},
				"west": {"uv": [0, 0, 0, 16], "texture": "#missing"},
				"up": {"uv": [0, 0, 7, 0], "texture": "#missing"},
				"down": {"uv": [0, 0, 7, 0], "texture": "#missing"}
			}
		},
		{
			"from": [7.8861, -1.18955, 5.77],
			"to": [21.43362, 29.77621, 5.77],
			"rotation": {"angle": -22.5, "axis": "y", "origin": [8, -2.57387, 6.04498]},
			"faces": {
				"north": {"uv": [1, 0, 8, 16], "texture": "#1"},
				"east": {"uv": [0, 0, 0, 16], "texture": "#missing"},
				"south": {"uv": [8, 0, 1, 16], "texture": "#1"},
				"west": {"uv": [0, 0, 0, 16], "texture": "#missing"},
				"up": {"uv": [0, 0, 7, 0], "texture": "#missing"},
				"down": {"uv": [0, 0, 7, 0], "texture": "#missing"}
			}
		},
		{
			"from": [-5.0633, -1.18955, 6.60098],
			"to": [8.48422, 29.77621, 6.60098],
			"rotation": {"angle": 22.5, "axis": "y", "origin": [8, -2.57387, 7.76998]},
			"faces": {
				"north": {"uv": [8, 0, 15, 16], "texture": "#0"},
				"east": {"uv": [0, 0, 0, 16], "texture": "#missing"},
				"south": {"uv": [15, 0, 8, 16], "texture": "#0"},
				"west": {"uv": [0, 0, 0, 16], "texture": "#missing"},
				"up": {"uv": [0, 0, 7, 0], "texture": "#missing"},
				"down": {"uv": [0, 0, 7, 0], "texture": "#missing"}
			}
		},
		{
			"from": [-4.87814, -1.18955, 5.47896],
			"to": [8.66938, 29.77621, 5.47896],
			"rotation": {"angle": 22.5, "axis": "y", "origin": [8, -2.57387, 7.09498]},
			"faces": {
				"north": {"uv": [8, 0, 15, 16], "texture": "#2"},
				"east": {"uv": [0, 0, 0, 16], "texture": "#missing"},
				"south": {"uv": [15, 0, 8, 16], "texture": "#2"},
				"west": {"uv": [0, 0, 0, 16], "texture": "#missing"},
				"up": {"uv": [0, 0, 7, 0], "texture": "#missing"},
				"down": {"uv": [0, 0, 7, 0], "texture": "#missing"}
			}
		},
		{
			"from": [-5.43362, -1.18955, 5.77],
			"to": [8.1139, 29.77621, 5.77],
			"rotation": {"angle": 22.5, "axis": "y", "origin": [8, -2.57387, 6.04498]},
			"faces": {
				"north": {"uv": [8, 0, 15, 16], "texture": "#1"},
				"east": {"uv": [0, 0, 0, 16], "texture": "#missing"},
				"south": {"uv": [15, 0, 8, 16], "texture": "#1"},
				"west": {"uv": [0, 0, 0, 16], "texture": "#missing"},
				"up": {"uv": [0, 0, 7, 0], "texture": "#missing"},
				"down": {"uv": [0, 0, 7, 0], "texture": "#missing"}
			}
		}
	],
	"display": {
		"ground": {
			"translation": [0, 6.25, 0],
			"scale": [1.83, 1.83, 1.83]
		},
		"gui": {
			"translation": [0, -9.25, 0],
			"scale": [2.67, 2.67, 2.67]
		},
		"head": {
			"translation": [0, -24, -8.5],
			"scale": [2.56, 2.56, 2.56]
		},
		"fixed": {
			"translation": [0, -10.25, -7.25],
			"scale": [2.81, 2.81, 2.81]
		}
	}
}