{
    "credit": "Made with Blockbench", 
    "texture_size": [
        64, 
        64
    ], 
    "textures": {
        "main": "item/abilities/skull_spell_anim"
    }, 
    "elements": [
        {
            "from": [ 4, 3.27778, 2.07404 ], 
            "to":   [ 12, 9.27778, 2.07404 ], 
            "rotation": { "angle": -22.5, "axis": "x", "origin": [8, 6.27778, 8.07404] }, 
            "faces": {
                "north": { "uv": [ 2.125, 0.875, 2.625, 1.25 ], "texture": "#main" }, 
                "east":  { "uv": [ 0.5, 1.75, 1.25, 2.125 ], "texture": "#main" }, 
                "south": { "uv": [ 2.125, 0.875, 2.625, 1.25 ], "texture": "#main" }, 
                "west":  { "uv": [ 0.5, 2.125, 1.25, 2.5 ], "texture": "#main" }, 
                "down":  { "uv": [ 0.5, 1.75, 0, 2.5 ], "texture": "#main" }
            }
        }, 
        {
            "from": [ 4, 3.27778, 2.07404 ], 
            "to":   [ 4, 9.27778, 14.07404 ], 
            "rotation": { "angle": -22.5, "axis": "x", "origin": [8, 6.27778, 8.07404] }, 
            "faces": {
                "north": { "uv": [ 2.125, 0.875, 2.625, 1.25 ], "texture": "#main" }, 
                "east":  { "uv": [ 0.5, 1.75, 1.25, 2.125 ], "texture": "#main" }, 
                "south": { "uv": [ 2.125, 1.25, 2.625, 1.625 ], "texture": "#main" }, 
                "west":  { "uv": [ 0.5, 2.125, 1.25, 2.5 ], "texture": "#main" }, 
                "down":  { "uv": [ 0.5, 1.75, 0, 2.5 ], "texture": "#main" }
            }
        }, 
        {
            "from": [ 12, 3.27778, 2.07404 ], 
            "to":   [ 12, 9.27778, 14.07404 ], 
            "rotation": { "angle": -22.5, "axis": "x", "origin": [8, 6.27778, 8.07404] }, 
            "faces": {
                "north": { "uv": [ 2.125, 0.875, 2.625, 1.25 ], "texture": "#main" }, 
                "east":  { "uv": [ 0.5, 1.75, 1.25, 2.125 ], "texture": "#main" }, 
                "south": { "uv": [ 2.125, 1.25, 2.625, 1.625 ], "texture": "#main" }, 
                "west":  { "uv": [ 0.5, 2.125, 1.25, 2.5 ], "texture": "#main" }, 
                "down":  { "uv": [ 0.5, 1.75, 0, 2.5 ], "texture": "#main" }
            }
        }, 
        {
            "from": [ 4, 3.27778, 2.07404 ], 
            "to":   [ 4, 9.27778, 14.07404 ], 
            "rotation": { "angle": -22.5, "axis": "x", "origin": [8, 6.27778, 8.07404] }, 
            "faces": {
                "north": { "uv": [ 2.125, 0.875, 2.625, 1.25 ], "texture": "#main" }, 
                "east":  { "uv": [ 0.5, 1.75, 1.25, 2.125 ], "texture": "#main" }, 
                "south": { "uv": [ 2.125, 1.25, 2.625, 1.625 ], "texture": "#main" }, 
                "west":  { "uv": [ 0.5, 2.125, 1.25, 2.5 ], "texture": "#main" }, 
                "down":  { "uv": [ 0.5, 1.75, 0, 2.5 ], "texture": "#main" }
            }
        }, 
        {
            "from": [ 2, 20, 1 ], 
            "to":   [ 14, 20, 15 ], 
            "rotation": { "angle": 0, "axis": "y", "origin": [8, 13, 8] }, 
            "faces": {
                "north": { "uv": [ 0.875, 0.875, 1.625, 1.75 ], "texture": "#main" }, 
                "east":  { "uv": [ 0, 0, 0.875, 0.875 ], "texture": "#main" }, 
                "south": { "uv": [ 0.875, 0, 1.625, 0.875 ], "texture": "#main" }, 
                "west":  { "uv": [ 0, 0.875, 0.875, 1.75 ], "texture": "#main" }, 
                "up":    { "uv": [ 2.375, 2.5, 1.625, 1.625 ], "texture": "#main" }, 
                "down":  { "uv": [ 2.375, 1.625, 1.625, 2.5 ], "texture": "#main" }
            }
        }, 
        {
            "from": [ 2, 6, 1 ], 
            "to":   [ 14, 20, 1 ], 
            "rotation": { "angle": 0, "axis": "y", "origin": [8, 13, 8] }, 
            "faces": {
                "north": { "uv": [ 0.875, 0.875, 1.625, 1.75 ], "texture": "#main" }, 
                "east":  { "uv": [ 0, 0, 0.875, 0.875 ], "texture": "#main" }, 
                "south": { "uv": [ 0.875, 0.875, 1.625, 1.75 ], "texture": "#main" }, 
                "west":  { "uv": [ 0, 0.875, 0.875, 1.75 ], "texture": "#main" }, 
                "up":    { "uv": [ 2.375, 2.5, 1.625, 1.625 ], "texture": "#main" }, 
                "down":  { "uv": [ 2.375, 0, 1.625, 0.875 ], "texture": "#main" }
            }
        }, 
        {
            "from": [ 2, 6, 15 ], 
            "to":   [ 14, 20, 15 ], 
            "rotation": { "angle": 0, "axis": "y", "origin": [8, 13, 15] }, 
            "faces": {
                "north": { "uv": [ 0.875, 0, 1.625, 0.875 ], "texture": "#main" }, 
                "east":  { "uv": [ 0, 0.875, 0.875, 1.75 ], "texture": "#main" }, 
                "south": { "uv": [ 0.875, 0, 1.625, 0.875 ], "texture": "#main" }, 
                "west":  { "uv": [ 0, 0, 0.875, 0.875 ], "texture": "#main" }, 
                "up":    { "uv": [ 2.375, 2.5, 1.625, 1.625 ], "rotation":180, "texture": "#main" }, 
                "down":  { "uv": [ 2.375, 0, 1.625, 0.875 ], "rotation":180, "texture": "#main" }
            }
        }, 
        {
            "from": [ 2, 6, 1 ], 
            "to":   [ 2, 20, 15 ], 
            "rotation": { "angle": 0, "axis": "y", "origin": [8, 13, 8] }, 
            "faces": {
                "north": { "uv": [ 0.875, 0.875, 1.625, 1.75 ], "texture": "#main" }, 
                "east":  { "uv": [ 0, 0, 0.875, 0.875 ], "texture": "#main" }, 
                "south": { "uv": [ 0.875, 0, 1.625, 0.875 ], "texture": "#main" }, 
                "west":  { "uv": [ 0, 0.875, 0.875, 1.75 ], "texture": "#main" }, 
                "up":    { "uv": [ 2.375, 2.5, 1.625, 1.625 ], "texture": "#main" }, 
                "down":  { "uv": [ 2.375, 0, 1.625, 0.875 ], "texture": "#main" }
            }
        }, 
        {
            "from": [ 14, 6, 1 ], 
            "to":   [ 14, 20, 15 ], 
            "rotation": { "angle": 0, "axis": "y", "origin": [8, 13, 8] }, 
            "faces": {
                "north": { "uv": [ 0.875, 0.875, 1.625, 1.75 ], "texture": "#main" }, 
                "east":  { "uv": [ 0, 0, 0.875, 0.875 ], "texture": "#main" }, 
                "south": { "uv": [ 0.875, 0, 1.625, 0.875 ], "texture": "#main" }, 
                "west":  { "uv": [ 0, 0.875, 0.875, 1.75 ], "texture": "#main" }, 
                "up":    { "uv": [ 2.375, 2.5, 1.625, 1.625 ], "texture": "#main" }, 
                "down":  { "uv": [ 2.375, 0, 1.625, 0.875 ], "texture": "#main" }
            }
        }, 
        {
            "from": [ 4, 3.77778, 2.07404 ], 
            "to":   [ 12, 9.77778, 2.07404 ], 
            "rotation": { "angle": -22.5, "axis": "x", "origin": [8, 6.77778, 8.07404] }, 
            "faces": {
                "north": { "uv": [ 6.125, 0.875, 6.625, 1.25 ], "texture": "#main" }, 
                "east":  { "uv": [ 4.5, 1.75, 5.25, 2.125 ], "texture": "#main" }, 
                "south": { "uv": [ 6.125, 0.875, 6.625, 1.25 ], "texture": "#main" }, 
                "west":  { "uv": [ 4.5, 2.125, 5.25, 2.5 ], "texture": "#main" }, 
                "up":    { "uv": [ 6.125, 1.625, 5.625, 0.875 ], "texture": "#main" }, 
                "down":  { "uv": [ 4.5, 1.75, 4, 2.5 ], "texture": "#main" }
            }
        }, 
        {
            "from": [ 12, 3.77778, 2.07404 ], 
            "to":   [ 12, 9.77778, 14.07404 ], 
            "rotation": { "angle": -22.5, "axis": "x", "origin": [8, 6.77778, 8.07404] }, 
            "faces": {
                "north": { "uv": [ 6.125, 0.875, 6.625, 1.25 ], "texture": "#main" }, 
                "east":  { "uv": [ 4.5, 1.75, 5.25, 2.125 ], "texture": "#main" }, 
                "south": { "uv": [ 6.125, 1.25, 6.625, 1.625 ], "texture": "#main" }, 
                "west":  { "uv": [ 4.5, 2.125, 5.25, 2.5 ], "texture": "#main" }, 
                "up":    { "uv": [ 6.125, 1.625, 5.625, 0.875 ], "texture": "#main" }, 
                "down":  { "uv": [ 4.5, 1.75, 4, 2.5 ], "texture": "#main" }
            }
        }, 
        {
            "from": [ 4, 3.77778, 2.07404 ], 
            "to":   [ 4, 9.77778, 14.07404 ], 
            "rotation": { "angle": -22.5, "axis": "x", "origin": [8, 6.77778, 8.07404] }, 
            "faces": {
                "north": { "uv": [ 6.625, 0.875, 6.125, 1.25 ], "texture": "#main" }, 
                "east":  { "uv": [ 5.25, 2.125, 4.5, 2.5 ], "texture": "#main" }, 
                "south": { "uv": [ 6.625, 1.25, 6.125, 1.625 ], "texture": "#main" }, 
                "west":  { "uv": [ 5.25, 1.75, 4.5, 2.125 ], "texture": "#main" }, 
                "up":    { "uv": [ 5.625, 1.625, 6.125, 0.875 ], "texture": "#main" }, 
                "down":  { "uv": [ 4, 1.75, 4.5, 2.5 ], "texture": "#main" }
            }
        }, 
        {
            "from": [ 2, 8, 1 ], 
            "to":   [ 14, 22, 1 ], 
            "rotation": { "angle": 0, "axis": "y", "origin": [8, 15, 8] }, 
            "faces": {
                "north": { "uv": [ 4.875, 0.875, 5.625, 1.75 ], "texture": "#main" }, 
                "east":  { "uv": [ 4, 0, 4.875, 0.875 ], "texture": "#main" }, 
                "south": { "uv": [ 4.875, 0.875, 5.625, 1.75 ], "texture": "#main" }, 
                "west":  { "uv": [ 4, 0.875, 4.875, 1.75 ], "texture": "#main" }, 
                "up":    { "uv": [ 6.375, 2.5, 5.625, 1.625 ], "texture": "#main" }, 
                "down":  { "uv": [ 6.375, 0, 5.625, 0.875 ], "texture": "#main" }
            }
        }, 
        {
            "from": [ 2, 8, 15 ], 
            "to":   [ 14, 22, 15 ], 
            "rotation": { "angle": 0, "axis": "y", "origin": [8, 15, 8] }, 
            "faces": {
                "north": { "uv": [ 4.875, 0, 5.625, 0.875 ], "texture": "#main" }, 
                "east":  { "uv": [ 4, 0, 4.875, 0.875 ], "texture": "#main" }, 
                "south": { "uv": [ 4.875, 0, 5.625, 0.875 ], "texture": "#main" }, 
                "west":  { "uv": [ 4, 0.875, 4.875, 1.75 ], "texture": "#main" }, 
                "up":    { "uv": [ 6.375, 2.5, 5.625, 1.625 ], "texture": "#main" }, 
                "down":  { "uv": [ 6.375, 0, 5.625, 0.875 ], "texture": "#main" }
            }
        }, 
        {
            "from": [ 2, 8, 1 ], 
            "to":   [ 2, 22, 15 ], 
            "rotation": { "angle": 0, "axis": "y", "origin": [8, 15, 8] }, 
            "faces": {
                "north": { "uv": [ 4.875, 0.875, 5.625, 1.75 ], "texture": "#main" }, 
                "east":  { "uv": [ 4, 0, 4.875, 0.875 ], "texture": "#main" }, 
                "south": { "uv": [ 4.875, 0, 5.625, 0.875 ], "texture": "#main" }, 
                "west":  { "uv": [ 4, 0.875, 4.875, 1.75 ], "texture": "#main" }, 
                "up":    { "uv": [ 6.375, 2.5, 5.625, 1.625 ], "texture": "#main" }, 
                "down":  { "uv": [ 6.375, 0, 5.625, 0.875 ], "texture": "#main" }
            }
        }, 
        {
            "from": [ 14, 8, 1 ], 
            "to":   [ 14, 22, 15 ], 
            "rotation": { "angle": 0, "axis": "y", "origin": [8, 15, 8] }, 
            "faces": {
                "north": { "uv": [ 5.625, 0.875, 4.875, 1.75 ], "texture": "#main" }, 
                "east":  { "uv": [ 4.875, 0.875, 4, 1.75 ], "texture": "#main" }, 
                "south": { "uv": [ 5.625, 0, 4.875, 0.875 ], "texture": "#main" }, 
                "west":  { "uv": [ 4.875, 0, 4, 0.875 ], "texture": "#main" }, 
                "up":    { "uv": [ 5.625, 2.5, 6.375, 1.625 ], "texture": "#main" }, 
                "down":  { "uv": [ 5.625, 0, 6.375, 0.875 ], "texture": "#main" }
            }
        }, 
        {
            "from": [ 2, 22, 1 ], 
            "to":   [ 14, 22, 15 ], 
            "rotation": { "angle": 0, "axis": "y", "origin": [8, 15, 8] }, 
            "faces": {
                "north": { "uv": [ 5.625, 0.875, 4.875, 1.75 ], "texture": "#main" }, 
                "east":  { "uv": [ 4.875, 0.875, 4, 1.75 ], "texture": "#main" }, 
                "south": { "uv": [ 5.625, 0, 4.875, 0.875 ], "texture": "#main" }, 
                "west":  { "uv": [ 4.875, 0, 4, 0.875 ], "texture": "#main" }, 
                "up":    { "uv": [ 5.625, 2.5, 6.375, 1.625 ], "texture": "#main" }, 
                "down":  { "uv": [ 5.625, 1.625, 6.375, 2.5 ], "texture": "#main" }
            }
        }, 
        {
            "from": [ 12, 5.20693, -0.04062 ], 
            "to":   [ 12, 11.20693, 11.95938 ], 
            "rotation": { "angle": -45, "axis": "x", "origin": [8, 11.93084, 8.69724] }, 
            "faces": {
                "north": { "uv": [ 10.125, 0.875, 10.625, 1.25 ], "texture": "#main" }, 
                "east":  { "uv": [ 8.5, 1.75, 9.25, 2.125 ], "texture": "#main" }, 
                "south": { "uv": [ 10.125, 1.25, 10.625, 1.625 ], "texture": "#main" }, 
                "west":  { "uv": [ 8.5, 2.125, 9.25, 2.5 ], "texture": "#main" }, 
                "up":    { "uv": [ 10.125, 1.625, 9.625, 0.875 ], "texture": "#main" }, 
                "down":  { "uv": [ 8.5, 1.75, 8, 2.5 ], "texture": "#main" }
            }
        }, 
        {
            "from": [ 4, 5.20693, -0.04062 ], 
            "to":   [ 4, 11.20693, 11.95938 ], 
            "rotation": { "angle": -45, "axis": "x", "origin": [8, 11.93084, 8.69724] }, 
            "faces": {
                "north": { "uv": [ 10.625, 0.875, 10.125, 1.25 ], "texture": "#main" }, 
                "east":  { "uv": [ 9.25, 2.125, 8.5, 2.5 ], "texture": "#main" }, 
                "south": { "uv": [ 10.625, 1.25, 10.125, 1.625 ], "texture": "#main" }, 
                "west":  { "uv": [ 9.25, 1.75, 8.5, 2.125 ], "texture": "#main" }, 
                "up":    { "uv": [ 9.625, 1.625, 10.125, 0.875 ], "texture": "#main" }, 
                "down":  { "uv": [ 8, 1.75, 8.5, 2.5 ], "texture": "#main" }
            }
        }, 
        {
            "from": [ 4, 5.20693, -0.04062 ], 
            "to":   [ 12, 11.20693, -0.04062 ], 
            "rotation": { "angle": -45, "axis": "x", "origin": [8, 11.93084, 8.69724] }, 
            "faces": {
                "north": { "uv": [ 10.625, 0.875, 10.125, 1.25 ], "texture": "#main" }, 
                "east":  { "uv": [ 9.25, 2.125, 8.5, 2.5 ], "texture": "#main" }, 
                "south": { "uv": [ 10.625, 0.875, 10.125, 1.25 ], "texture": "#main" }, 
                "west":  { "uv": [ 9.25, 1.75, 8.5, 2.125 ], "texture": "#main" }, 
                "up":    { "uv": [ 9.625, 1.625, 10.125, 0.875 ], "texture": "#main" }, 
                "down":  { "uv": [ 8, 1.75, 8.5, 2.5 ], "texture": "#main" }
            }
        }, 
        {
            "from": [ 2, 9.5, 1 ], 
            "to":   [ 14, 23.5, 1 ], 
            "rotation": { "angle": 0, "axis": "y", "origin": [8, 11.93084, 8.69724] }, 
            "faces": {
                "north": { "uv": [ 8.875, 0.875, 9.625, 1.75 ], "texture": "#main" }, 
                "east":  { "uv": [ 8, 0, 8.875, 0.875 ], "texture": "#main" }, 
                "south": { "uv": [ 8.875, 0.875, 9.625, 1.75 ], "texture": "#main" }, 
                "west":  { "uv": [ 8, 0.875, 8.875, 1.75 ], "texture": "#main" }, 
                "up":    { "uv": [ 10.375, 2.5, 9.625, 1.625 ], "texture": "#main" }, 
                "down":  { "uv": [ 10.375, 0, 9.625, 0.875 ], "texture": "#main" }
            }
        }, 
        {
            "from": [ 2, 9.5, 15 ], 
            "to":   [ 14, 23.5, 15 ], 
            "rotation": { "angle": 0, "axis": "y", "origin": [8, 11.93084, 8.69724] }, 
            "faces": {
                "north": { "uv": [ 8.875, 0, 9.625, 0.875 ], "texture": "#main" }, 
                "east":  { "uv": [ 8, 0, 8.875, 0.875 ], "texture": "#main" }, 
                "south": { "uv": [ 8.875, 0, 9.625, 0.875 ], "texture": "#main" }, 
                "west":  { "uv": [ 8, 0.875, 8.875, 1.75 ], "texture": "#main" }, 
                "up":    { "uv": [ 10.375, 2.5, 9.625, 1.625 ], "texture": "#main" }, 
                "down":  { "uv": [ 10.375, 0, 9.625, 0.875 ], "texture": "#main" }
            }
        }, 
        {
            "from": [ 2, 23.5, 1 ], 
            "to":   [ 14, 23.5, 15 ], 
            "rotation": { "angle": 0, "axis": "y", "origin": [8, 11.93084, 8.69724] }, 
            "faces": {
                "north": { "uv": [ 8.875, 0, 9.625, 0.875 ], "texture": "#main" }, 
                "east":  { "uv": [ 8, 0, 8.875, 0.875 ], "texture": "#main" }, 
                "south": { "uv": [ 8.875, 0, 9.625, 0.875 ], "texture": "#main" }, 
                "west":  { "uv": [ 8, 0.875, 8.875, 1.75 ], "texture": "#main" }, 
                "up":    { "uv": [ 10.375, 2.5, 9.625, 1.625 ], "texture": "#main" }, 
                "down":  { "uv": [ 10.375, 1.625, 9.625, 2.5 ], "texture": "#main" }
            }
        }, 
        {
            "from": [ 14, 9.5, 1 ], 
            "to":   [ 14, 23.5, 15 ], 
            "rotation": { "angle": 0, "axis": "y", "origin": [8, 11.93084, 8.69724] }, 
            "faces": {
                "north": { "uv": [ 8.875, 0.875, 9.625, 1.75 ], "texture": "#main" }, 
                "east":  { "uv": [ 8, 0, 8.875, 0.875 ], "texture": "#main" }, 
                "south": { "uv": [ 8.875, 0, 9.625, 0.875 ], "texture": "#main" }, 
                "west":  { "uv": [ 8, 0.875, 8.875, 1.75 ], "texture": "#main" }, 
                "up":    { "uv": [ 10.375, 2.5, 9.625, 1.625 ], "texture": "#main" }, 
                "down":  { "uv": [ 10.375, 0, 9.625, 0.875 ], "texture": "#main" }
            }
        }, 
        {
            "from": [ 2, 9.5, 1 ], 
            "to":   [ 2, 23.5, 15 ], 
            "rotation": { "angle": 0, "axis": "y", "origin": [8, 11.93084, 8.69724] }, 
            "faces": {
                "north": { "uv": [ 9.625, 0.875, 8.875, 1.75 ], "texture": "#main" }, 
                "east":  { "uv": [ 8.875, 0.875, 8, 1.75 ], "texture": "#main" }, 
                "south": { "uv": [ 9.625, 0, 8.875, 0.875 ], "texture": "#main" }, 
                "west":  { "uv": [ 8.875, 0, 8, 0.875 ], "texture": "#main" }, 
                "up":    { "uv": [ 9.625, 2.5, 10.375, 1.625 ], "texture": "#main" }, 
                "down":  { "uv": [ 9.625, 0, 10.375, 0.875 ], "texture": "#main" }
            }
        }, 
        {
            "from": [ 12, 8.12945, 1.20468 ], 
            "to":   [ 12, 14.12945, 13.20468 ], 
            "rotation": { "angle": -45, "axis": "x", "origin": [8, 12.63889, 11.03702] }, 
            "faces": {
                "north": { "uv": [ 14.125, 0.875, 14.625, 1.25 ], "texture": "#main" }, 
                "east":  { "uv": [ 12.5, 1.75, 13.25, 2.125 ], "texture": "#main" }, 
                "south": { "uv": [ 14.125, 1.25, 14.625, 1.625 ], "texture": "#main" }, 
                "west":  { "uv": [ 12.5, 2.125, 13.25, 2.5 ], "texture": "#main" }, 
                "up":    { "uv": [ 14.125, 1.625, 13.625, 0.875 ], "texture": "#main" }, 
                "down":  { "uv": [ 12.5, 1.75, 12, 2.5 ], "texture": "#main" }
            }
        }, 
        {
            "from": [ 4, 8.12945, 1.20468 ], 
            "to":   [ 4, 14.12945, 13.20468 ], 
            "rotation": { "angle": -45, "axis": "x", "origin": [8, 12.63889, 11.03702] }, 
            "faces": {
                "north": { "uv": [ 14.625, 0.875, 14.125, 1.25 ], "texture": "#main" }, 
                "east":  { "uv": [ 13.25, 2.125, 12.5, 2.5 ], "texture": "#main" }, 
                "south": { "uv": [ 14.625, 1.25, 14.125, 1.625 ], "texture": "#main" }, 
                "west":  { "uv": [ 13.25, 1.75, 12.5, 2.125 ], "texture": "#main" }, 
                "up":    { "uv": [ 13.625, 1.625, 14.125, 0.875 ], "texture": "#main" }, 
                "down":  { "uv": [ 12, 1.75, 12.5, 2.5 ], "texture": "#main" }
            }
        }, 
        {
            "from": [ 4, 8.12945, 1.20468 ], 
            "to":   [ 12, 14.12945, 1.20468 ], 
            "rotation": { "angle": -45, "axis": "x", "origin": [8, 12.63889, 11.03702] }, 
            "faces": {
                "north": { "uv": [ 14.625, 0.875, 14.125, 1.25 ], "texture": "#main" }, 
                "east":  { "uv": [ 13.25, 2.125, 12.5, 2.5 ], "texture": "#main" }, 
                "south": { "uv": [ 14.625, 0.875, 14.125, 1.25 ], "texture": "#main" }, 
                "west":  { "uv": [ 13.25, 1.75, 12.5, 2.125 ], "texture": "#main" }, 
                "up":    { "uv": [ 13.625, 1.625, 14.125, 0.875 ], "texture": "#main" }, 
                "down":  { "uv": [ 12, 1.75, 12.5, 2.5 ], "texture": "#main" }
            }
        }, 
        {
            "from": [ 2, 11, 1 ], 
            "to":   [ 14, 25, 1 ], 
            "rotation": { "angle": 0, "axis": "y", "origin": [8, 14.63889, 11.03702] }, 
            "faces": {
                "north": { "uv": [ 12.875, 0.875, 13.625, 1.75 ], "texture": "#main" }, 
                "east":  { "uv": [ 12, 0, 12.875, 0.875 ], "texture": "#main" }, 
                "south": { "uv": [ 12.875, 0.875, 13.625, 1.75 ], "texture": "#main" }, 
                "west":  { "uv": [ 12, 0.875, 12.875, 1.75 ], "texture": "#main" }, 
                "up":    { "uv": [ 14.375, 2.5, 13.625, 1.625 ], "texture": "#main" }, 
                "down":  { "uv": [ 14.375, 0, 13.625, 0.875 ], "texture": "#main" }
            }
        }, 
        {
            "from": [ 2, 11, 15 ], 
            "to":   [ 14, 25, 15 ], 
            "rotation": { "angle": 0, "axis": "y", "origin": [8, 14.63889, 11.03702] }, 
            "faces": {
                "north": { "uv": [ 12.875, 0, 13.625, 0.875 ], "texture": "#main" }, 
                "east":  { "uv": [ 12, 0, 12.875, 0.875 ], "texture": "#main" }, 
                "south": { "uv": [ 12.875, 0, 13.625, 0.875 ], "texture": "#main" }, 
                "west":  { "uv": [ 12, 0.875, 12.875, 1.75 ], "texture": "#main" }, 
                "up":    { "uv": [ 14.375, 2.5, 13.625, 1.625 ], "texture": "#main" }, 
                "down":  { "uv": [ 14.375, 0, 13.625, 0.875 ], "texture": "#main" }
            }
        }, 
        {
            "from": [ 2, 11, 1 ], 
            "to":   [ 2, 25, 15 ], 
            "rotation": { "angle": 0, "axis": "y", "origin": [8, 14.63889, 11.03702] }, 
            "faces": {
                "north": { "uv": [ 12.875, 0.875, 13.625, 1.75 ], "texture": "#main" }, 
                "east":  { "uv": [ 12, 0, 12.875, 0.875 ], "texture": "#main" }, 
                "south": { "uv": [ 12.875, 0, 13.625, 0.875 ], "texture": "#main" }, 
                "west":  { "uv": [ 12, 0.875, 12.875, 1.75 ], "texture": "#main" }, 
                "up":    { "uv": [ 14.375, 2.5, 13.625, 1.625 ], "texture": "#main" }, 
                "down":  { "uv": [ 14.375, 0, 13.625, 0.875 ], "texture": "#main" }
            }
        }, 
        {
            "from": [ 2, 25, 1 ], 
            "to":   [ 14, 25, 15 ], 
            "rotation": { "angle": 0, "axis": "y", "origin": [8, 14.63889, 11.03702] }, 
            "faces": {
                "north": { "uv": [ 12.875, 0.875, 13.625, 1.75 ], "texture": "#main" }, 
                "east":  { "uv": [ 12, 0, 12.875, 0.875 ], "texture": "#main" }, 
                "south": { "uv": [ 12.875, 0, 13.625, 0.875 ], "texture": "#main" }, 
                "west":  { "uv": [ 12, 0.875, 12.875, 1.75 ], "texture": "#main" }, 
                "up":    { "uv": [ 14.375, 2.5, 13.625, 1.625 ], "texture": "#main" }, 
                "down":  { "uv": [ 14.375, 1.625, 13.625, 2.5 ], "texture": "#main" }
            }
        }, 
        {
            "from": [ 14, 11, 1 ], 
            "to":   [ 14, 25, 15 ], 
            "rotation": { "angle": 0, "axis": "y", "origin": [8, 14.63889, 11.03702] }, 
            "faces": {
                "north": { "uv": [ 13.625, 0.875, 12.875, 1.75 ], "texture": "#main" }, 
                "east":  { "uv": [ 12.875, 0.875, 12, 1.75 ], "texture": "#main" }, 
                "south": { "uv": [ 13.625, 0, 12.875, 0.875 ], "texture": "#main" }, 
                "west":  { "uv": [ 12.875, 0, 12, 0.875 ], "texture": "#main" }, 
                "up":    { "uv": [ 13.625, 2.5, 14.375, 1.625 ], "texture": "#main" }, 
                "down":  { "uv": [ 13.625, 0, 14.375, 0.875 ], "texture": "#main" }
            }
        }, 
        {
            "from": [ 4, 2.62945, 1.20468 ], 
            "to":   [ 4, 8.62945, 13.20468 ], 
            "rotation": { "angle": 0, "axis": "x", "origin": [8, 7.13889, 11.03702] }, 
            "faces": {
                "north": { "uv": [ 2.125, 4.875, 2.625, 5.25 ], "texture": "#main" }, 
                "east":  { "uv": [ 0.5, 5.75, 1.25, 6.125 ], "texture": "#main" }, 
                "south": { "uv": [ 2.125, 5.25, 2.625, 5.625 ], "texture": "#main" }, 
                "west":  { "uv": [ 0.5, 6.125, 1.25, 6.5 ], "texture": "#main" }, 
                "up":    { "uv": [ 2.125, 5.625, 1.625, 4.875 ], "texture": "#main" }, 
                "down":  { "uv": [ 0.5, 5.75, 0, 6.5 ], "texture": "#main" }
            }
        }, 
        {
            "from": [ 12, 2.62945, 1.20468 ], 
            "to":   [ 12, 8.62945, 13.20468 ], 
            "rotation": { "angle": 0, "axis": "x", "origin": [8, 7.13889, 11.03702] }, 
            "faces": {
                "north": { "uv": [ 2.625, 4.875, 2.125, 5.25 ], "texture": "#main" }, 
                "east":  { "uv": [ 1.25, 6.125, 0.5, 6.5 ], "texture": "#main" }, 
                "south": { "uv": [ 2.625, 5.25, 2.125, 5.625 ], "texture": "#main" }, 
                "west":  { "uv": [ 1.25, 5.75, 0.5, 6.125 ], "texture": "#main" }, 
                "up":    { "uv": [ 1.625, 5.625, 2.125, 4.875 ], "texture": "#main" }, 
                "down":  { "uv": [ 0, 5.75, 0.5, 6.5 ], "texture": "#main" }
            }
        }, 
        {
            "from": [ 4, 2.62945, 1.20468 ], 
            "to":   [ 12, 8.62945, 1.20468 ], 
            "rotation": { "angle": 0, "axis": "x", "origin": [8, 7.13889, 11.03702] }, 
            "faces": {
                "north": { "uv": [ 2.625, 4.875, 2.125, 5.25 ], "texture": "#main" }, 
                "east":  { "uv": [ 1.25, 6.125, 0.5, 6.5 ], "texture": "#main" }, 
                "south": { "uv": [ 2.625, 4.875, 2.125, 5.25 ], "texture": "#main" }, 
                "west":  { "uv": [ 1.25, 5.75, 0.5, 6.125 ], "texture": "#main" }, 
                "up":    { "uv": [ 1.625, 5.625, 2.125, 4.875 ], "texture": "#main" }, 
                "down":  { "uv": [ 0, 5.75, 0.5, 6.5 ], "texture": "#main" }
            }
        }, 
        {
            "from": [ 2, 5.5, 1 ], 
            "to":   [ 2, 19.5, 15 ], 
            "rotation": { "angle": 0, "axis": "y", "origin": [8, 9.13889, 11.03702] }, 
            "faces": {
                "north": { "uv": [ 0.875, 4.875, 1.625, 5.75 ], "texture": "#main" }, 
                "east":  { "uv": [ 0, 4, 0.875, 4.875 ], "texture": "#main" }, 
                "south": { "uv": [ 0.875, 4, 1.625, 4.875 ], "texture": "#main" }, 
                "west":  { "uv": [ 0, 4.875, 0.875, 5.75 ], "texture": "#main" }, 
                "up":    { "uv": [ 2.375, 6.5, 1.625, 5.625 ], "texture": "#main" }, 
                "down":  { "uv": [ 2.375, 4, 1.625, 4.875 ], "texture": "#main" }
            }
        }, 
        {
            "from": [ 14, 5.5, 1 ], 
            "to":   [ 14, 19.5, 15 ], 
            "rotation": { "angle": 0, "axis": "y", "origin": [8, 9.13889, 11.03702] }, 
            "faces": {
                "north": { "uv": [ 1.625, 4.875, 0.875, 5.75 ], "texture": "#main" }, 
                "east":  { "uv": [ 0.875, 4.875, 0, 5.75 ], "texture": "#main" }, 
                "south": { "uv": [ 1.625, 4, 0.875, 4.875 ], "texture": "#main" }, 
                "west":  { "uv": [ 0.875, 4, 0, 4.875 ], "texture": "#main" }, 
                "up":    { "uv": [ 1.625, 6.5, 2.375, 5.625 ], "texture": "#main" }, 
                "down":  { "uv": [ 1.625, 4, 2.375, 4.875 ], "texture": "#main" }
            }
        }, 
        {
            "from": [ 2, 19.5, 1 ], 
            "to":   [ 14, 19.5, 15 ], 
            "rotation": { "angle": 0, "axis": "y", "origin": [8, 9.13889, 11.03702] }, 
            "faces": {
                "north": { "uv": [ 1.625, 4.875, 0.875, 5.75 ], "texture": "#main" }, 
                "east":  { "uv": [ 0.875, 4.875, 0, 5.75 ], "texture": "#main" }, 
                "south": { "uv": [ 1.625, 4, 0.875, 4.875 ], "texture": "#main" }, 
                "west":  { "uv": [ 0.875, 4, 0, 4.875 ], "texture": "#main" }, 
                "up":    { "uv": [ 1.625, 6.5, 2.375, 5.625 ], "texture": "#main" }, 
                "down":  { "uv": [ 1.625, 5.625, 2.375, 6.5 ], "texture": "#main" }
            }
        }, 
        {
            "from": [ 2, 5.5, 1 ], 
            "to":   [ 14, 19.5, 1 ], 
            "rotation": { "angle": 0, "axis": "y", "origin": [8, 9.13889, 11.03702] }, 
            "faces": {
                "north": { "uv": [ 1.625, 4.875, 0.875, 5.75 ], "texture": "#main" }, 
                "east":  { "uv": [ 0.875, 4.875, 0, 5.75 ], "texture": "#main" }, 
                "south": { "uv": [ 1.625, 4.875, 0.875, 5.75 ], "texture": "#main" }, 
                "west":  { "uv": [ 0.875, 4, 0, 4.875 ], "texture": "#main" }, 
                "up":    { "uv": [ 1.625, 6.5, 2.375, 5.625 ], "texture": "#main" }, 
                "down":  { "uv": [ 1.625, 4, 2.375, 4.875 ], "texture": "#main" }
            }
        }, 
        {
            "from": [ 2, 5.5, 15 ], 
            "to":   [ 14, 19.5, 15 ], 
            "rotation": { "angle": 0, "axis": "y", "origin": [8, 9.13889, 11.03702] }, 
            "faces": {
                "north": { "uv": [ 1.625, 4, 0.875, 4.875 ], "texture": "#main" }, 
                "east":  { "uv": [ 0.875, 4.875, 0, 5.75 ], "texture": "#main" }, 
                "south": { "uv": [ 1.625, 4, 0.875, 4.875 ], "texture": "#main" }, 
                "west":  { "uv": [ 0.875, 4, 0, 4.875 ], "texture": "#main" }, 
                "up":    { "uv": [ 1.625, 6.5, 2.375, 5.625 ], "texture": "#main" }, 
                "down":  { "uv": [ 1.625, 4, 2.375, 4.875 ], "texture": "#main" }
            }
        }
    ], 
    "display": {
        "ground": {
            "translation": [ 0, 5.5, 0 ]
        }, 
        "gui": {
            "rotation": [ 23, 147, 0 ], 
            "translation": [ 0, -4, 0 ], 
            "scale": [ 1.33, 1.33, 1.33 ]
        }, 
        "head": {
            "translation": [ 0, -50.5, 0 ], 
            "scale": [ 2, 2, 2 ]
        }, 
        "fixed": {
            "translation": [ 0, -7, -14.75 ], 
            "scale": [ 1.93, 1.93, 1.93 ]
        }
    }, 
    "groups": [
        {
            "name": "bone", 
            "origin": [
                0, 
                0, 
                0
            ], 
            "children": [
                0, 
                1, 
                2, 
                3, 
                4, 
                5, 
                6, 
                7, 
                8
            ]
        }
    ], 
    "__comment": "Model animated using Fizzy's model animator - http://fizzy81.github.io/animated-models/"
}