{
	"credit": "Made with Blockbench",
	"textures": {
		"0": "item/sword_of_judgement_anim",
		"particle": "item/sword_of_judgement_anim"
	},
	"elements": [
		{
			"from": [-16, 7, -16],
			"to": [32, 7, 32],
			"rotation": {"angle": 0, "axis": "x", "origin": [8, 7, 8]},
			"faces": {
				"north": {"uv": [0, 0, 16, 0], "texture": "#0"},
				"east": {"uv": [0, 0, 16, 0], "texture": "#0"},
				"south": {"uv": [0, 0, 16, 0], "texture": "#0"},
				"west": {"uv": [0, 0, 16, 0], "texture": "#0"},
				"up": {"uv": [0, 0, 16, 16], "texture": "#0"},
				"down": {"uv": [0, 16, 16, 0], "texture": "#0"}
			}
		}
	],
	"display": {
		"thirdperson_righthand": {
			"translation": [-6, -2.5, 8.75],
			"scale": [1.66, 1.66, 1.66]
		},
		"firstperson_righthand": {
			"translation": [-9, 0.5, 0],
			"scale": [0.95, 0.95, 0.95]
		},
		"firstperson_lefthand": {
			"translation": [-9, 0.5, 0],
			"scale": [0.95, 0.95, 0.95]
		},
		"ground": {
			"translation": [0, -8, 0]
		},
		"gui": {
			"rotation": [107, 0, 0],
			"translation": [0, 3.25, 0]
		},
		"head": {
			"translation": [0, -18.75, -5.75],
			"scale": [3.17, 3.17, 3.17]
		},
		"fixed": {
			"rotation": [-67, 0, 0],
			"translation": [0, 0, -10.5],
			"scale": [1.24, 1.24, 1.24]
		}
	}
}