{
	"credit": "Made with Blockbench",
	"texture_size": [32, 32],
	"textures": {
		"1": "item/abysal_blade",
		"particle": "item/void_dagger"
	},
	"elements": [
		{
			"from": [0, 8, 0],
			"to": [16, 8, 16],
			"rotation": {"angle": 0, "axis": "y", "origin": [8, 13, 8]},
			"faces": {
				"north": {"uv": [0, 0, 8, 0], "texture": "#1"},
				"east": {"uv": [0, 0, 8, 0], "texture": "#1"},
				"south": {"uv": [0, 0, 8, 0], "texture": "#1"},
				"west": {"uv": [0, 0, 8, 0], "texture": "#1"},
				"up": {"uv": [8, 8, 0, 0], "texture": "#1"},
				"down": {"uv": [8, 8, 0, 16], "texture": "#1"}
			}
		},
		{
			"from": [8, 0, 0],
			"to": [8, 16, 16],
			"rotation": {"angle": 0, "axis": "y", "origin": [8, 13, 8]},
			"faces": {
				"north": {"uv": [0, 0, 0, 8], "texture": "#1"},
				"east": {"uv": [8, 0, 16, 8], "texture": "#1"},
				"south": {"uv": [0, 0, 0, 8], "texture": "#1"},
				"west": {"uv": [16, 0, 8, 8], "texture": "#1"},
				"up": {"uv": [0, 8, 0, 0], "texture": "#1"},
				"down": {"uv": [0, 0, 0, 8], "texture": "#1"}
			}
		}
	],
	"display": {
		"thirdperson_righthand": {
			"rotation": [100.75, 0, -88.5],
			"translation": [0, 3.75, 2]
		},
		"thirdperson_lefthand": {
			"rotation": [100.75, 0, -88.5],
			"translation": [0, 3.75, 2]
		},
		"firstperson_righthand": {
			"rotation": [50.75, 0, -135.75],
			"translation": [1.25, 5.25, 0]
		},
		"firstperson_lefthand": {
			"rotation": [50.75, 0, -135.75],
			"translation": [1.25, 5.25, 0]
		},
		"ground": {
			"rotation": [62, 0, 0],
			"translation": [0, 6.25, 0]
		},
		"gui": {
			"rotation": [84, 0, 0]
		},
		"head": {
			"translation": [0, -42.0, -0.25],
			"scale": [6.0, 6.0, 6.0]
		}
	}
}