{
    "model": {
        "type": "range_dispatch",
        "property": "custom_model_data",
        "fallback": {
            "type": "model",
            "model": "minecraft:item/blue_dye"
        },
        "entries": [
            {
                "threshold": 1,
                "model": {
                    "type": "model",
                    "model": "minecraft:item/quest_markers/main_quest_exclamation"
                }
            },
            {
                "threshold": 2,
                "model": {
                    "type": "model",
                    "model": "minecraft:item/quest_markers/main_quest_question"
                }
            },
            {
                "threshold": 3,
                "model": {
                    "type": "model",
                    "model": "minecraft:item/quest_markers/side_quest_exclamation"
                }
            },
            {
                "threshold": 4,
                "model": {
                    "type": "model",
                    "model": "minecraft:item/quest_markers/side_quest_question"
                }
            }
        ]
    }
}