{
    "model": {
        "type": "range_dispatch",
        "property": "custom_model_data",
        "fallback": {
            "type": "model",
            "model": "minecraft:item/carrot_on_a_stick"
        },
        "entries": [
            {
                "threshold": 1,
                "model": {
                    "type": "model",
                    "model": "item/weapons/wood_tier/axe_wood"
                }
            },
            {
                "threshold": 2,
                "model": {
                    "type": "model",
                    "model": "item/weapons/boss_tier/axe_boss"
                }
            },
            {
                "threshold": 3,
                "model": {
                    "type": "model",
                    "model": "item/sword_rpg_iron"
                }
            },
            {
                "threshold": 4,
                "model": {
                    "type": "model",
                    "model": "item/scythe_rpg_iron"
                }
            },
            {
                "threshold": 5,
                "model": {
                    "type": "model",
                    "model": "item/weapons/boss_tier/staff_boss_anim"
                }
            },
            {
                "threshold": 6,
                "model": {
                    "type": "model",
                    "model": "item/weapons/boss_tier/shield_boss"
                }
            },
            {
                "threshold": 7,
                "model": {
                    "type": "model",
                    "model": "item/weapons/boss_tier/scythe_boss"
                }
            },
            {
                "threshold": 8,
                "model": {
                    "type": "model",
                    "model": "item/weapons/boss_tier/shield_left_boss"
                }
            },
            {
                "threshold": 9,
                "model": {
                    "type": "model",
                    "model": "item/weapons/boss_tier/dagger_boss"
                }
            },
            {
                "threshold": 10,
                "model": {
                    "type": "model",
                    "model": "item/weapons/boss_tier/sword_boss"
                }
            },
            {
                "threshold": 11,
                "model": {
                    "type": "model",
                    "model": "item/mushroom_head"
                }
            },
            {
                "threshold": 12,
                "model": {
                    "type": "model",
                    "model": "item/golem"
                }
            },
            {
                "threshold": 13,
                "model": {
                    "type": "model",
                    "model": "item/golem_idle"
                }
            },
            {
                "threshold": 14,
                "model": {
                    "type": "model",
                    "model": "item/golem_attack"
                }
            },
            {
                "threshold": 15,
                "model": {
                    "type": "model",
                    "model": "item/golem_idle_hit"
                }
            },
            {
                "threshold": 16,
                "model": {
                    "type": "model",
                    "model": "item/sword_rpg_lava"
                }
            },
            {
                "threshold": 17,
                "model": {
                    "type": "model",
                    "model": "item/axe_rpg_electric"
                }
            },
            {
                "threshold": 18,
                "model": {
                    "type": "model",
                    "model": "item/sword_rpg_lava_d"
                }
            },
            {
                "threshold": 19,
                "model": {
                    "type": "model",
                    "model": "item/sword_rpg_lava_nofx"
                }
            },
            {
                "threshold": 20,
                "model": {
                    "type": "model",
                    "model": "item/scythe_coarsed"
                }
            },
            {
                "threshold": 21,
                "model": {
                    "type": "model",
                    "model": "item/trident_poison"
                }
            },
            {
                "threshold": 22,
                "model": {
                    "type": "model",
                    "model": "item/dagger_light"
                }
            },
            {
                "threshold": 23,
                "model": {
                    "type": "model",
                    "model": "item/shield_rock"
                }
            },
            {
                "threshold": 24,
                "model": {
                    "type": "model",
                    "model": "item/abilities/shield_bash"
                }
            },
            {
                "threshold": 25,
                "model": {
                    "type": "model",
                    "model": "item/abilities/dragon"
                }
            },
            {
                "threshold": 26,
                "model": {
                    "type": "model",
                    "model": "item/glass_clock"
                }
            },
            {
                "threshold": 27,
                "model": {
                    "type": "model",
                    "model": "item/magic_ball"
                }
            },
            {
                "threshold": 28,
                "model": {
                    "type": "model",
                    "model": "item/magic_ball_appear"
                }
            },
            {
                "threshold": 29,
                "model": {
                    "type": "model",
                    "model": "item/magic_ball_explosion"
                }
            },
            {
                "threshold": 30,
                "model": {
                    "type": "model",
                    "model": "item/magic_ball_medium"
                }
            },
            {
                "threshold": 31,
                "model": {
                    "type": "model",
                    "model": "item/magic_ball_appear_medium"
                }
            },
            {
                "threshold": 32,
                "model": {
                    "type": "model",
                    "model": "item/magic_ball_explosion_medium"
                }
            },
            {
                "threshold": 33,
                "model": {
                    "type": "model",
                    "model": "item/ent_java"
                }
            },
            {
                "threshold": 34,
                "model": {
                    "type": "model",
                    "model": "item/golem_java"
                }
            },
            {
                "threshold": 35,
                "model": {
                    "type": "model",
                    "model": "item/bosses/golem/golem_java_walk"
                }
            },
            {
                "threshold": 36,
                "model": {
                    "type": "model",
                    "model": "item/bosses/golem/golem_java_idle"
                }
            },
            {
                "threshold": 37,
                "model": {
                    "type": "model",
                    "model": "item/bosses/golem/golem_java_attack"
                }
            },
            {
                "threshold": 38,
                "model": {
                    "type": "model",
                    "model": "item/bosses/golem/golem_java_magic_ball"
                }
            },
            {
                "threshold": 39,
                "model": {
                    "type": "model",
                    "model": "item/bosses/ent/ent_walk"
                }
            },
            {
                "threshold": 40,
                "model": {
                    "type": "model",
                    "model": "item/bosses/ent/ent_idle"
                }
            },
            {
                "threshold": 41,
                "model": {
                    "type": "model",
                    "model": "item/ent_java_attack"
                }
            },
            {
                "threshold": 42,
                "model": {
                    "type": "model",
                    "model": "item/magic_stones"
                }
            },
            {
                "threshold": 43,
                "model": {
                    "type": "model",
                    "model": "item/abilities/shield_throw"
                }
            },
            {
                "threshold": 44,
                "model": {
                    "type": "model",
                    "model": "item/abilities/swords_of_judgement"
                }
            },
            {
                "threshold": 45,
                "model": {
                    "type": "model",
                    "model": "item/abilities/shield_bash"
                }
            },
            {
                "threshold": 46,
                "model": {
                    "type": "model",
                    "model": "item/bosses/frog/frog_stand"
                }
            },
            {
                "threshold": 47,
                "model": {
                    "type": "model",
                    "model": "item/bosses/frog/frog_crouch"
                }
            },
            {
                "threshold": 48,
                "model": {
                    "type": "model",
                    "model": "item/bosses/frog/frog_jump"
                }
            },
            {
                "threshold": 49,
                "model": {
                    "type": "model",
                    "model": "item/bosses/frog/frog_mouth"
                }
            },
            {
                "threshold": 50,
                "model": {
                    "type": "model",
                    "model": "item/bosses/reaper/reaper_idle_downscaled"
                }
            },
            {
                "threshold": 51,
                "model": {
                    "type": "model",
                    "model": "item/void_ball"
                }
            },
            {
                "threshold": 52,
                "model": {
                    "type": "model",
                    "model": "item/blue_axe_3d"
                }
            },
            {
                "threshold": 53,
                "model": {
                    "type": "model",
                    "model": "item/green_ball"
                }
            },
            {
                "threshold": 54,
                "model": {
                    "type": "model",
                    "model": "item/abysal_blade"
                }
            },
            {
                "threshold": 55,
                "model": {
                    "type": "model",
                    "model": "item/bosses/cerberus/cerberus_idle"
                }
            },
            {
                "threshold": 56,
                "model": {
                    "type": "model",
                    "model": "item/bosses/cerberus/cerberus_walk"
                }
            },
            {
                "threshold": 57,
                "model": {
                    "type": "model",
                    "model": "item/bosses/phoenix/phoenix_idle2"
                }
            },
            {
                "threshold": 58,
                "model": {
                    "type": "model",
                    "model": "item/bosses/phoenix/phoenix_fly2"
                }
            },
            {
                "threshold": 59,
                "model": {
                    "type": "model",
                    "model": "item/bosses/elemental/elemental_idle"
                }
            },
            {
                "threshold": 60,
                "model": {
                    "type": "model",
                    "model": "item/bosses/elemental/elemental_fly"
                }
            },
            {
                "threshold": 61,
                "model": {
                    "type": "model",
                    "model": "item/bosses/centaur/centaur_idle"
                }
            },
            {
                "threshold": 62,
                "model": {
                    "type": "model",
                    "model": "item/bosses/centaur/centaur_walk_3d"
                }
            },
            {
                "threshold": 63,
                "model": {
                    "type": "model",
                    "model": "item/bosses/mushroom_boss/mushroom_boss_idle"
                }
            },
            {
                "threshold": 64,
                "model": {
                    "type": "model",
                    "model": "item/bosses/mushroom_boss/mushroom_boss_walk"
                }
            },
            {
                "threshold": 65,
                "model": {
                    "type": "model",
                    "model": "item/bosses/scorpion/scorpion3d_idle"
                }
            },
            {
                "threshold": 66,
                "model": {
                    "type": "model",
                    "model": "item/bosses/scorpion/scorpion_walk"
                }
            },
            {
                "threshold": 67,
                "model": {
                    "type": "model",
                    "model": "item/bosses/atronach/atronach_idle"
                }
            },
            {
                "threshold": 68,
                "model": {
                    "type": "model",
                    "model": "item/bosses/frog/frog_attack"
                }
            },
            {
                "threshold": 69,
                "model": {
                    "type": "model",
                    "model": "item/bosses/ent/ent_attack"
                }
            },
            {
                "threshold": 70,
                "model": {
                    "type": "model",
                    "model": "item/bosses/phoenix/phoenix_attack"
                }
            },
            {
                "threshold": 71,
                "model": {
                    "type": "model",
                    "model": "item/bosses/phoenix/phoenix_mouth"
                }
            },
            {
                "threshold": 72,
                "model": {
                    "type": "model",
                    "model": "item/bosses/cerberus/cerberus_attack"
                }
            },
            {
                "threshold": 73,
                "model": {
                    "type": "model",
                    "model": "item/bosses/cerberus/cerberus_mouth"
                }
            },
            {
                "threshold": 74,
                "model": {
                    "type": "model",
                    "model": "item/bosses/mushroom_boss/shroom_attack"
                }
            },
            {
                "threshold": 75,
                "model": {
                    "type": "model",
                    "model": "item/bosses/mushroom_boss/mushroom_boss_mouth"
                }
            },
            {
                "threshold": 76,
                "model": {
                    "type": "model",
                    "model": "item/bosses/centaur/centaur_charge"
                }
            },
            {
                "threshold": 77,
                "model": {
                    "type": "model",
                    "model": "item/bosses/centaur/centaur_attack"
                }
            },
            {
                "threshold": 78,
                "model": {
                    "type": "model",
                    "model": "item/bosses/reaper/reaper_attack"
                }
            },
            {
                "threshold": 79,
                "model": {
                    "type": "model",
                    "model": "item/bosses/reaper/reaper_aoe"
                }
            },
            {
                "threshold": 80,
                "model": {
                    "type": "model",
                    "model": "item/bosses/scorpion/scorpion_attack"
                }
            },
            {
                "threshold": 81,
                "model": {
                    "type": "model",
                    "model": "item/bosses/ent/ent_stomp_fix"
                }
            },
            {
                "threshold": 82,
                "model": {
                    "type": "model",
                    "model": "item/bosses/reaper/reaper_attack_vertical"
                }
            },
            {
                "threshold": 83,
                "model": {
                    "type": "model",
                    "model": "item/abilities/skull_spell_anim"
                }
            },
            {
                "threshold": 84,
                "model": {
                    "type": "model",
                    "model": "item/bosses/reaper/reaper_idle_small"
                }
            },
            {
                "threshold": 85,
                "model": {
                    "type": "model",
                    "model": "item/abilities/skull_spell_anim_small"
                }
            },
            {
                "threshold": 86,
                "model": {
                    "type": "model",
                    "model": "item/abilities/charged_arrow"
                }
            },
            {
                "threshold": 87,
                "model": {
                    "type": "model",
                    "model": "item/weapons/wood_tier/shield_left_wood"
                }
            },
            {
                "threshold": 88,
                "model": {
                    "type": "model",
                    "model": "item/weapons/wood_tier/scythe_wood"
                }
            },
            {
                "threshold": 89,
                "model": {
                    "type": "model",
                    "model": "item/weapons/wood_tier/sword_wood"
                }
            },
            {
                "threshold": 90,
                "model": {
                    "type": "model",
                    "model": "item/weapons/wood_tier/dagger_wood"
                }
            },
            {
                "threshold": 91,
                "model": {
                    "type": "model",
                    "model": "item/weapons/wood_tier/staff_wood_1"
                }
            },
            {
                "threshold": 92,
                "model": {
                    "type": "model",
                    "model": "item/weapons/iron_tier/axe_iron"
                }
            },
            {
                "threshold": 93,
                "model": {
                    "type": "model",
                    "model": "item/weapons/iron_tier/sword_iron"
                }
            },
            {
                "threshold": 94,
                "model": {
                    "type": "model",
                    "model": "item/weapons/iron_tier/dagger_iron"
                }
            },
            {
                "threshold": 95,
                "model": {
                    "type": "model",
                    "model": "item/weapons/iron_tier/shield_left_iron"
                }
            },
            {
                "threshold": 96,
                "model": {
                    "type": "model",
                    "model": "item/weapons/iron_tier/scythe_iron"
                }
            },
            {
                "threshold": 97,
                "model": {
                    "type": "model",
                    "model": "item/weapons/iron_tier/staff_iron"
                }
            },
            {
                "threshold": 98,
                "model": {
                    "type": "model",
                    "model": "item/weapons/barbarian_tier/axe_barbarian"
                }
            },
            {
                "threshold": 99,
                "model": {
                    "type": "model",
                    "model": "item/weapons/barbarian_tier/sword_barbarian"
                }
            },
            {
                "threshold": 100,
                "model": {
                    "type": "model",
                    "model": "item/weapons/barbarian_tier/dagger_barbarian"
                }
            },
            {
                "threshold": 101,
                "model": {
                    "type": "model",
                    "model": "item/weapons/barbarian_tier/staff_barbarian"
                }
            },
            {
                "threshold": 102,
                "model": {
                    "type": "model",
                    "model": "item/weapons/barbarian_tier/scythe_barbarian"
                }
            },
            {
                "threshold": 103,
                "model": {
                    "type": "model",
                    "model": "item/weapons/barbarian_tier/shield_left_barbarian"
                }
            },
            {
                "threshold": 104,
                "model": {
                    "type": "model",
                    "model": "item/weapons/corrupted_tier/sword_corrupted"
                }
            },
            {
                "threshold": 105,
                "model": {
                    "type": "model",
                    "model": "item/weapons/corrupted_tier/dagger_corrupted"
                }
            },
            {
                "threshold": 106,
                "model": {
                    "type": "model",
                    "model": "item/weapons/corrupted_tier/axe_corrupted"
                }
            },
            {
                "threshold": 107,
                "model": {
                    "type": "model",
                    "model": "item/weapons/corrupted_tier/staff_corrupted"
                }
            },
            {
                "threshold": 108,
                "model": {
                    "type": "model",
                    "model": "item/weapons/corrupted_tier/scythe_corrupted"
                }
            },
            {
                "threshold": 109,
                "model": {
                    "type": "model",
                    "model": "item/weapons/corrupted_tier/shield_left_corrupted"
                }
            },
            {
                "threshold": 110,
                "model": {
                    "type": "model",
                    "model": "item/abilities/golem_rock"
                }
            },
            {
                "threshold": 111,
                "model": {
                    "type": "model",
                    "model": "item/weapons/druid_tier/axe_druid"
                }
            },
            {
                "threshold": 112,
                "model": {
                    "type": "model",
                    "model": "item/weapons/druid_tier/sword_druid"
                }
            },
            {
                "threshold": 113,
                "model": {
                    "type": "model",
                    "model": "item/weapons/druid_tier/dagger_druid"
                }
            },
            {
                "threshold": 114,
                "model": {
                    "type": "model",
                    "model": "item/weapons/druid_tier/scythe_druid"
                }
            },
            {
                "threshold": 115,
                "model": {
                    "type": "model",
                    "model": "item/weapons/druid_tier/staff_druid"
                }
            },
            {
                "threshold": 116,
                "model": {
                    "type": "model",
                    "model": "item/weapons/druid_tier/shield_left_druid"
                }
            },
            {
                "threshold": 666,
                "model": {
                    "type": "model",
                    "model": "item/scythe_rpg_magma_hell"
                }
            }
        ]
    }
}