{
    "model": {
        "type": "range_dispatch",
        "property": "custom_model_data",
        "fallback": {
            "type": "model",
            "model": "minecraft:item/chainmail_leggings"
        },
        "entries": [
            {
                "threshold": 1,
                "model": {
                    "type": "model",
                    "model": "minecraft:item/extra/extra549"
                }
            },
            {
                "threshold": 2,
                "model": {
                    "type": "model",
                    "model": "minecraft:item/extra/extra599"
                }
            },
            {
                "threshold": 3,
                "model": {
                    "type": "model",
                    "model": "minecraft:item/extra/extra726"
                }
            },
            {
                "threshold": 4,
                "model": {
                    "type": "model",
                    "model": "minecraft:item/extra/extra745"
                }
            },
            {
                "threshold": 5,
                "model": {
                    "type": "model",
                    "model": "minecraft:item/extra/extra537"
                }
            },
            {
                "threshold": 6,
                "model": {
                    "type": "model",
                    "model": "minecraft:item/extra/extra559"
                }
            },
            {
                "threshold": 7,
                "model": {
                    "type": "model",
                    "model": "minecraft:item/extra/extra736"
                }
            },
            {
                "threshold": 8,
                "model": {
                    "type": "model",
                    "model": "minecraft:item/extra/extra766"
                }
            }
        ]
    }
}