{
    "model": {
        "type": "range_dispatch",
        "property": "custom_model_data",
        "fallback": {
            "type": "model",
            "model": "minecraft:item/chainmail_helmet"
        },
        "entries": [
            {
                "threshold": 1,
                "model": {
                    "type": "model",
                    "model": "minecraft:item/extra/extra547"
                }
            },
            {
                "threshold": 2,
                "model": {
                    "type": "model",
                    "model": "minecraft:item/extra/extra597"
                }
            },
            {
                "threshold": 3,
                "model": {
                    "type": "model",
                    "model": "minecraft:item/extra/extra724"
                }
            },
            {
                "threshold": 4,
                "model": {
                    "type": "model",
                    "model": "minecraft:item/extra/extra743"
                }
            },
            {
                "threshold": 5,
                "model": {
                    "type": "model",
                    "model": "minecraft:item/extra/extra535"
                }
            },
            {
                "threshold": 6,
                "model": {
                    "type": "model",
                    "model": "minecraft:item/extra/extra557"
                }
            },
            {
                "threshold": 7,
                "model": {
                    "type": "model",
                    "model": "minecraft:item/extra/extra734"
                }
            },
            {
                "threshold": 8,
                "model": {
                    "type": "model",
                    "model": "minecraft:item/extra/extra764"
                }
            }
        ]
    }
}