{
    "model": {
        "type": "range_dispatch",
        "property": "custom_model_data",
        "fallback": {
            "type": "model",
            "model": "minecraft:item/diamond_sword"
        },
        "entries": [
            {
                "threshold": 1,
                "model": {
                    "type": "model",
                    "model": "minecraft:item/extra/extra520"
                }
            },
            {
                "threshold": 2,
                "model": {
                    "type": "model",
                    "model": "minecraft:item/extra/extra573"
                }
            },
            {
                "threshold": 3,
                "model": {
                    "type": "model",
                    "model": "minecraft:item/extra/extra583"
                }
            },
            {
                "threshold": 4,
                "model": {
                    "type": "model",
                    "model": "minecraft:item/extra/extra678"
                }
            },
            {
                "threshold": 101,
                "model": {
                    "type": "model",
                    "model": "minecraft:item/extra/extra533"
                }
            },
            {
                "threshold": 102,
                "model": {
                    "type": "model",
                    "model": "minecraft:item/extra/extra555"
                }
            },
            {
                "threshold": 103,
                "model": {
                    "type": "model",
                    "model": "minecraft:item/extra/extra732"
                }
            },
            {
                "threshold": 104,
                "model": {
                    "type": "model",
                    "model": "minecraft:item/extra/extra762"
                }
            },
            {
                "threshold": 105,
                "model": {
                    "type": "model",
                    "model": "minecraft:item/extra/extra543"
                }
            },
            {
                "threshold": 106,
                "model": {
                    "type": "model",
                    "model": "minecraft:item/extra/extra595"
                }
            },
            {
                "threshold": 107,
                "model": {
                    "type": "model",
                    "model": "minecraft:item/extra/extra722"
                }
            },
            {
                "threshold": 108,
                "model": {
                    "type": "model",
                    "model": "minecraft:item/extra/extra742"
                }
            },
            {
                "threshold": 109,
                "model": {
                    "type": "model",
                    "model": "minecraft:item/extra/extra692"
                }
            },
            {
                "threshold": 110,
                "model": {
                    "type": "model",
                    "model": "minecraft:item/extra/extra702"
                }
            },
            {
                "threshold": 111,
                "model": {
                    "type": "model",
                    "model": "minecraft:item/extra/extra712"
                }
            },
            {
                "threshold": 112,
                "model": {
                    "type": "model",
                    "model": "minecraft:item/extra/extra752"
                }
            },
            {
                "threshold": 113,
                "model": {
                    "type": "model",
                    "model": "minecraft:item/extra/extra522"
                }
            },
            {
                "threshold": 114,
                "model": {
                    "type": "model",
                    "model": "minecraft:item/extra/extra576"
                }
            },
            {
                "threshold": 115,
                "model": {
                    "type": "model",
                    "model": "minecraft:item/extra/extra590"
                }
            },
            {
                "threshold": 116,
                "model": {
                    "type": "model",
                    "model": "minecraft:item/extra/extra682"
                }
            },
            {
                "threshold": 117,
                "model": {
                    "type": "model",
                    "model": "minecraft:item/extra/extra565"
                }
            }
        ]
    }
}