{
    "model": {
        "type": "range_dispatch",
        "property": "custom_model_data",
        "fallback": {
            "type": "minecraft:condition",
            "property": "minecraft:fishing_rod/cast",
            "on_false": {
                "type": "minecraft:model",
                "model": "minecraft:item/fishing_rod"
            },
            "on_true": {
                "type": "minecraft:model",
                "model": "minecraft:item/fishing_rod_cast"
            }
        },
        "entries": []
    }
}