{
    "model": {
        "type": "range_dispatch",
        "property": "custom_model_data",
        "fallback": {
            "type": "model",
            "model": "minecraft:item/green_dye"
        },
        "entries": [
            {
                "threshold": 1,
                "model": {
                    "type": "model",
                    "model": "item/spells/b4"
                }
            },
            {
                "threshold": 2,
                "model": {
                    "type": "model",
                    "model": "item/spells/r4"
                }
            },
            {
                "threshold": 3,
                "model": {
                    "type": "model",
                    "model": "item/spells/p4"
                }
            },
            {
                "threshold": 4,
                "model": {
                    "type": "model",
                    "model": "item/spells/g4"
                }
            }
        ]
    }
}