{
	"credit": "Made with Blockbench",
	"textures": {
		"0": "item/green_ball_anim",
		"particle": "item/green_ball_anim"
	},
	"elements": [
		{
			"from": [0, 2, 8],
			"to": [16, 18, 8],
			"rotation": {"angle": 0, "axis": "y", "origin": [8, 10, 8]},
			"faces": {
				"north": {"uv": [0.48485, 0.48485, 16, 16], "texture": "#0"},
				"east": {"uv": [0, 0, 0, 16], "texture": "#missing"},
				"south": {"uv": [16, 0.48485, 0.48485, 16], "texture": "#0"},
				"west": {"uv": [0, 0, 0, 16], "texture": "#missing"},
				"up": {"uv": [0, 0, 0, 16], "rotation": 270, "texture": "#missing"},
				"down": {"uv": [0, 0, 0, 16], "rotation": 90, "texture": "#missing"}
			}
		},
		{
			"from": [0, 10, 0],
			"to": [16, 10, 16],
			"rotation": {"angle": 0, "axis": "x", "origin": [8, 10, 8]},
			"faces": {
				"north": {"uv": [0, 0, 0, 16], "rotation": 90, "texture": "#missing"},
				"east": {"uv": [0, 0, 0, 16], "rotation": 90, "texture": "#missing"},
				"south": {"uv": [0, 0, 0, 16], "rotation": 90, "texture": "#missing"},
				"west": {"uv": [0, 0, 0, 16], "rotation": 270, "texture": "#missing"},
				"up": {"uv": [16, 0.48485, 0.48485, 16], "texture": "#0"},
				"down": {"uv": [0.48485, 0.48485, 16, 16], "rotation": 180, "texture": "#0"}
			}
		},
		{
			"from": [8, 2, 0],
			"to": [8, 18, 16],
			"rotation": {"angle": 0, "axis": "y", "origin": [8, 8, 8]},
			"faces": {
				"north": {"uv": [0, 0, 0, 16], "texture": "#missing"},
				"east": {"uv": [16, 0.48485, 0.48485, 16], "texture": "#0"},
				"south": {"uv": [0, 0, 0, 16], "texture": "#missing"},
				"west": {"uv": [0.48485, 0.48485, 16, 16], "texture": "#0"},
				"up": {"uv": [0, 0, 0, 16], "rotation": 180, "texture": "#missing"},
				"down": {"uv": [0, 0, 0, 16], "rotation": 180, "texture": "#missing"}
			}
		}
	],
	"display": {
		"ground": {
			"translation": [0, 6, 0],
			"scale": [1.86, 1.86, 1.86]
		},
		"gui": {
			"translation": [0, -3.25, 0],
			"scale": [1.58, 1.58, 1.58]
		},
		"head": {
			"translation": [0, -49.25, 0],
			"scale": [4, 4, 4]
		},
		"fixed": {
			"translation": [0, 0, -11.25]
		}
	}
}