{
    "model": {
        "type": "range_dispatch",
        "property": "custom_model_data",
        "fallback": {
            "type": "model",
            "model": "minecraft:item/iron_sword"
        },
        "entries": [
            {
                "threshold": 1,
                "model": {
                    "type": "model",
                    "model": "minecraft:item/extra/extra688"
                }
            },
            {
                "threshold": 2,
                "model": {
                    "type": "model",
                    "model": "minecraft:item/extra/extra698"
                }
            },
            {
                "threshold": 3,
                "model": {
                    "type": "model",
                    "model": "minecraft:item/extra/extra708"
                }
            },
            {
                "threshold": 4,
                "model": {
                    "type": "model",
                    "model": "minecraft:item/extra/extra748"
                }
            },
            {
                "threshold": 101,
                "model": {
                    "type": "model",
                    "model": "minecraft:item/extra/extra534"
                }
            },
            {
                "threshold": 102,
                "model": {
                    "type": "model",
                    "model": "minecraft:item/extra/extra556"
                }
            },
            {
                "threshold": 103,
                "model": {
                    "type": "model",
                    "model": "minecraft:item/extra/extra733"
                }
            },
            {
                "threshold": 104,
                "model": {
                    "type": "model",
                    "model": "minecraft:item/extra/extra763"
                }
            },
            {
                "threshold": 105,
                "model": {
                    "type": "model",
                    "model": "minecraft:item/extra/extra546"
                }
            },
            {
                "threshold": 106,
                "model": {
                    "type": "model",
                    "model": "minecraft:item/extra/extra596"
                }
            },
            {
                "threshold": 107,
                "model": {
                    "type": "model",
                    "model": "minecraft:item/extra/extra723"
                }
            },
            {
                "threshold": 108,
                "model": {
                    "type": "model",
                    "model": "minecraft:item/extra/extra747"
                }
            },
            {
                "threshold": 109,
                "model": {
                    "type": "model",
                    "model": "minecraft:item/extra/extra693"
                }
            },
            {
                "threshold": 110,
                "model": {
                    "type": "model",
                    "model": "minecraft:item/extra/extra703"
                }
            },
            {
                "threshold": 111,
                "model": {
                    "type": "model",
                    "model": "minecraft:item/extra/extra713"
                }
            },
            {
                "threshold": 112,
                "model": {
                    "type": "model",
                    "model": "minecraft:item/extra/extra753"
                }
            },
            {
                "threshold": 113,
                "model": {
                    "type": "model",
                    "model": "minecraft:item/extra/extra523"
                }
            },
            {
                "threshold": 114,
                "model": {
                    "type": "model",
                    "model": "minecraft:item/extra/extra575"
                }
            },
            {
                "threshold": 115,
                "model": {
                    "type": "model",
                    "model": "minecraft:item/extra/extra585"
                }
            },
            {
                "threshold": 116,
                "model": {
                    "type": "model",
                    "model": "minecraft:item/extra/extra683"
                }
            },
            {
                "threshold": 117,
                "model": {
                    "type": "model",
                    "model": "minecraft:item/extra/extra566"
                }
            }
        ]
    }
}