{
    "model": {
        "type": "range_dispatch",
        "property": "custom_model_data",
        "fallback": {
            "type": "model",
            "model": "minecraft:item/leather_horse_armor",
            "tints": [
                {
                    "type": "minecraft:dye",
                    "default": -6265536
                }
            ]
        },
        "entries": [
            {
                "threshold": 1,
                "model": {
                    "type": "model",
                    "model": "modelengine:ent_branch/branch",
                    "tints": [
                        {
                            "type": "minecraft:dye",
                            "default": -6265536
                        }
                    ]
                }
            },
            {
                "threshold": 2,
                "model": {
                    "type": "model",
                    "model": "modelengine:ent_guardian/left_fingers",
                    "tints": [
                        {
                            "type": "minecraft:dye",
                            "default": -6265536
                        }
                    ]
                }
            },
            {
                "threshold": 3,
                "model": {
                    "type": "model",
                    "model": "modelengine:ent_guardian/left_thumb",
                    "tints": [
                        {
                            "type": "minecraft:dye",
                            "default": -6265536
                        }
                    ]
                }
            },
            {
                "threshold": 4,
                "model": {
                    "type": "model",
                    "model": "modelengine:ent_guardian/left_wrist",
                    "tints": [
                        {
                            "type": "minecraft:dye",
                            "default": -6265536
                        }
                    ]
                }
            },
            {
                "threshold": 5,
                "model": {
                    "type": "model",
                    "model": "modelengine:ent_guardian/left_arm",
                    "tints": [
                        {
                            "type": "minecraft:dye",
                            "default": -6265536
                        }
                    ]
                }
            },
            {
                "threshold": 6,
                "model": {
                    "type": "model",
                    "model": "modelengine:ent_guardian/right_fingers",
                    "tints": [
                        {
                            "type": "minecraft:dye",
                            "default": -6265536
                        }
                    ]
                }
            },
            {
                "threshold": 7,
                "model": {
                    "type": "model",
                    "model": "modelengine:ent_guardian/right_thumb",
                    "tints": [
                        {
                            "type": "minecraft:dye",
                            "default": -6265536
                        }
                    ]
                }
            },
            {
                "threshold": 8,
                "model": {
                    "type": "model",
                    "model": "modelengine:ent_guardian/right_wrist",
                    "tints": [
                        {
                            "type": "minecraft:dye",
                            "default": -6265536
                        }
                    ]
                }
            },
            {
                "threshold": 9,
                "model": {
                    "type": "model",
                    "model": "modelengine:ent_guardian/right_arm",
                    "tints": [
                        {
                            "type": "minecraft:dye",
                            "default": -6265536
                        }
                    ]
                }
            },
            {
                "threshold": 10,
                "model": {
                    "type": "model",
                    "model": "modelengine:ent_guardian/jaw",
                    "tints": [
                        {
                            "type": "minecraft:dye",
                            "default": -6265536
                        }
                    ]
                }
            },
            {
                "threshold": 11,
                "model": {
                    "type": "model",
                    "model": "modelengine:ent_guardian/head",
                    "tints": [
                        {
                            "type": "minecraft:dye",
                            "default": -6265536
                        }
                    ]
                }
            },
            {
                "threshold": 12,
                "model": {
                    "type": "model",
                    "model": "modelengine:ent_guardian/neck",
                    "tints": [
                        {
                            "type": "minecraft:dye",
                            "default": -6265536
                        }
                    ]
                }
            },
            {
                "threshold": 13,
                "model": {
                    "type": "model",
                    "model": "modelengine:ent_guardian/upper_body",
                    "tints": [
                        {
                            "type": "minecraft:dye",
                            "default": -6265536
                        }
                    ]
                }
            },
            {
                "threshold": 14,
                "model": {
                    "type": "model",
                    "model": "modelengine:ent_guardian/left_ankle",
                    "tints": [
                        {
                            "type": "minecraft:dye",
                            "default": -6265536
                        }
                    ]
                }
            },
            {
                "threshold": 15,
                "model": {
                    "type": "model",
                    "model": "modelengine:ent_guardian/left_leg",
                    "tints": [
                        {
                            "type": "minecraft:dye",
                            "default": -6265536
                        }
                    ]
                }
            },
            {
                "threshold": 16,
                "model": {
                    "type": "model",
                    "model": "modelengine:ent_guardian/right_ankle",
                    "tints": [
                        {
                            "type": "minecraft:dye",
                            "default": -6265536
                        }
                    ]
                }
            },
            {
                "threshold": 17,
                "model": {
                    "type": "model",
                    "model": "modelengine:ent_guardian/right_leg",
                    "tints": [
                        {
                            "type": "minecraft:dye",
                            "default": -6265536
                        }
                    ]
                }
            },
            {
                "threshold": 18,
                "model": {
                    "type": "model",
                    "model": "modelengine:minotaur/jaw",
                    "tints": [
                        {
                            "type": "minecraft:dye",
                            "default": -6265536
                        }
                    ]
                }
            },
            {
                "threshold": 19,
                "model": {
                    "type": "model",
                    "model": "modelengine:minotaur/head",
                    "tints": [
                        {
                            "type": "minecraft:dye",
                            "default": -6265536
                        }
                    ]
                }
            },
            {
                "threshold": 20,
                "model": {
                    "type": "model",
                    "model": "modelengine:minotaur/left_fingers",
                    "tints": [
                        {
                            "type": "minecraft:dye",
                            "default": -6265536
                        }
                    ]
                }
            },
            {
                "threshold": 21,
                "model": {
                    "type": "model",
                    "model": "modelengine:minotaur/left_thumb",
                    "tints": [
                        {
                            "type": "minecraft:dye",
                            "default": -6265536
                        }
                    ]
                }
            },
            {
                "threshold": 22,
                "model": {
                    "type": "model",
                    "model": "modelengine:minotaur/left_hand",
                    "tints": [
                        {
                            "type": "minecraft:dye",
                            "default": -6265536
                        }
                    ]
                }
            },
            {
                "threshold": 23,
                "model": {
                    "type": "model",
                    "model": "modelengine:minotaur/left_frontarm",
                    "tints": [
                        {
                            "type": "minecraft:dye",
                            "default": -6265536
                        }
                    ]
                }
            },
            {
                "threshold": 24,
                "model": {
                    "type": "model",
                    "model": "modelengine:minotaur/leftarm",
                    "tints": [
                        {
                            "type": "minecraft:dye",
                            "default": -6265536
                        }
                    ]
                }
            },
            {
                "threshold": 25,
                "model": {
                    "type": "model",
                    "model": "modelengine:minotaur/axe_vfx",
                    "tints": [
                        {
                            "type": "minecraft:dye",
                            "default": -6265536
                        }
                    ]
                }
            },
            {
                "threshold": 26,
                "model": {
                    "type": "model",
                    "model": "modelengine:minotaur/axe",
                    "tints": [
                        {
                            "type": "minecraft:dye",
                            "default": -6265536
                        }
                    ]
                }
            },
            {
                "threshold": 27,
                "model": {
                    "type": "model",
                    "model": "modelengine:minotaur/right_hand",
                    "tints": [
                        {
                            "type": "minecraft:dye",
                            "default": -6265536
                        }
                    ]
                }
            },
            {
                "threshold": 28,
                "model": {
                    "type": "model",
                    "model": "modelengine:minotaur/right_frontarm",
                    "tints": [
                        {
                            "type": "minecraft:dye",
                            "default": -6265536
                        }
                    ]
                }
            },
            {
                "threshold": 29,
                "model": {
                    "type": "model",
                    "model": "modelengine:minotaur/rightarm",
                    "tints": [
                        {
                            "type": "minecraft:dye",
                            "default": -6265536
                        }
                    ]
                }
            },
            {
                "threshold": 30,
                "model": {
                    "type": "model",
                    "model": "modelengine:minotaur/body",
                    "tints": [
                        {
                            "type": "minecraft:dye",
                            "default": -6265536
                        }
                    ]
                }
            },
            {
                "threshold": 31,
                "model": {
                    "type": "model",
                    "model": "modelengine:minotaur/left_foot",
                    "tints": [
                        {
                            "type": "minecraft:dye",
                            "default": -6265536
                        }
                    ]
                }
            },
            {
                "threshold": 32,
                "model": {
                    "type": "model",
                    "model": "modelengine:minotaur/left_frontleg",
                    "tints": [
                        {
                            "type": "minecraft:dye",
                            "default": -6265536
                        }
                    ]
                }
            },
            {
                "threshold": 33,
                "model": {
                    "type": "model",
                    "model": "modelengine:minotaur/left_leg",
                    "tints": [
                        {
                            "type": "minecraft:dye",
                            "default": -6265536
                        }
                    ]
                }
            },
            {
                "threshold": 34,
                "model": {
                    "type": "model",
                    "model": "modelengine:minotaur/right_foot",
                    "tints": [
                        {
                            "type": "minecraft:dye",
                            "default": -6265536
                        }
                    ]
                }
            },
            {
                "threshold": 35,
                "model": {
                    "type": "model",
                    "model": "modelengine:minotaur/right_frontleg",
                    "tints": [
                        {
                            "type": "minecraft:dye",
                            "default": -6265536
                        }
                    ]
                }
            },
            {
                "threshold": 36,
                "model": {
                    "type": "model",
                    "model": "modelengine:minotaur/right_leg",
                    "tints": [
                        {
                            "type": "minecraft:dye",
                            "default": -6265536
                        }
                    ]
                }
            },
            {
                "threshold": 37,
                "model": {
                    "type": "model",
                    "model": "modelengine:minotaur/hip",
                    "tints": [
                        {
                            "type": "minecraft:dye",
                            "default": -6265536
                        }
                    ]
                }
            },
            {
                "threshold": 38,
                "model": {
                    "type": "model",
                    "model": "modelengine:slimegirlprincess/righthair",
                    "tints": [
                        {
                            "type": "minecraft:dye",
                            "default": -6265536
                        }
                    ]
                }
            },
            {
                "threshold": 39,
                "model": {
                    "type": "model",
                    "model": "modelengine:slimegirlprincess/lefthair",
                    "tints": [
                        {
                            "type": "minecraft:dye",
                            "default": -6265536
                        }
                    ]
                }
            },
            {
                "threshold": 40,
                "model": {
                    "type": "model",
                    "model": "modelengine:slimegirlprincess/head",
                    "tints": [
                        {
                            "type": "minecraft:dye",
                            "default": -6265536
                        }
                    ]
                }
            },
            {
                "threshold": 41,
                "model": {
                    "type": "model",
                    "model": "modelengine:slimegirlprincess/righthand",
                    "tints": [
                        {
                            "type": "minecraft:dye",
                            "default": -6265536
                        }
                    ]
                }
            },
            {
                "threshold": 42,
                "model": {
                    "type": "model",
                    "model": "modelengine:slimegirlprincess/rightarm",
                    "tints": [
                        {
                            "type": "minecraft:dye",
                            "default": -6265536
                        }
                    ]
                }
            },
            {
                "threshold": 43,
                "model": {
                    "type": "model",
                    "model": "modelengine:slimegirlprincess/lefthand",
                    "tints": [
                        {
                            "type": "minecraft:dye",
                            "default": -6265536
                        }
                    ]
                }
            },
            {
                "threshold": 44,
                "model": {
                    "type": "model",
                    "model": "modelengine:slimegirlprincess/leftarm",
                    "tints": [
                        {
                            "type": "minecraft:dye",
                            "default": -6265536
                        }
                    ]
                }
            },
            {
                "threshold": 45,
                "model": {
                    "type": "model",
                    "model": "modelengine:slimegirlprincess/body",
                    "tints": [
                        {
                            "type": "minecraft:dye",
                            "default": -6265536
                        }
                    ]
                }
            },
            {
                "threshold": 46,
                "model": {
                    "type": "model",
                    "model": "modelengine:slimegirlprincess/bottomback",
                    "tints": [
                        {
                            "type": "minecraft:dye",
                            "default": -6265536
                        }
                    ]
                }
            },
            {
                "threshold": 47,
                "model": {
                    "type": "model",
                    "model": "modelengine:slimegirlprincess/bottom",
                    "tints": [
                        {
                            "type": "minecraft:dye",
                            "default": -6265536
                        }
                    ]
                }
            },
            {
                "threshold": 48,
                "model": {
                    "type": "model",
                    "model": "modelengine:slimegirlprincess/rightfinger3",
                    "tints": [
                        {
                            "type": "minecraft:dye",
                            "default": -6265536
                        }
                    ]
                }
            },
            {
                "threshold": 49,
                "model": {
                    "type": "model",
                    "model": "modelengine:slimegirlprincess/rightfinger2",
                    "tints": [
                        {
                            "type": "minecraft:dye",
                            "default": -6265536
                        }
                    ]
                }
            },
            {
                "threshold": 50,
                "model": {
                    "type": "model",
                    "model": "modelengine:slimegirlprincess/rightfinger1",
                    "tints": [
                        {
                            "type": "minecraft:dye",
                            "default": -6265536
                        }
                    ]
                }
            },
            {
                "threshold": 51,
                "model": {
                    "type": "model",
                    "model": "modelengine:slimegirlprincess/rightthumb",
                    "tints": [
                        {
                            "type": "minecraft:dye",
                            "default": -6265536
                        }
                    ]
                }
            },
            {
                "threshold": 52,
                "model": {
                    "type": "model",
                    "model": "modelengine:slimegirlprincess/rightclaw",
                    "tints": [
                        {
                            "type": "minecraft:dye",
                            "default": -6265536
                        }
                    ]
                }
            },
            {
                "threshold": 53,
                "model": {
                    "type": "model",
                    "model": "modelengine:slimegirlprincess/leftfinger3",
                    "tints": [
                        {
                            "type": "minecraft:dye",
                            "default": -6265536
                        }
                    ]
                }
            },
            {
                "threshold": 54,
                "model": {
                    "type": "model",
                    "model": "modelengine:slimegirlprincess/leftfinger2",
                    "tints": [
                        {
                            "type": "minecraft:dye",
                            "default": -6265536
                        }
                    ]
                }
            },
            {
                "threshold": 55,
                "model": {
                    "type": "model",
                    "model": "modelengine:slimegirlprincess/leftfinger1",
                    "tints": [
                        {
                            "type": "minecraft:dye",
                            "default": -6265536
                        }
                    ]
                }
            },
            {
                "threshold": 56,
                "model": {
                    "type": "model",
                    "model": "modelengine:slimegirlprincess/leftthumb",
                    "tints": [
                        {
                            "type": "minecraft:dye",
                            "default": -6265536
                        }
                    ]
                }
            },
            {
                "threshold": 57,
                "model": {
                    "type": "model",
                    "model": "modelengine:slimegirlprincess/leftclaw",
                    "tints": [
                        {
                            "type": "minecraft:dye",
                            "default": -6265536
                        }
                    ]
                }
            },
            {
                "threshold": 58,
                "model": {
                    "type": "model",
                    "model": "modelengine:toro_ender_dragon/jaw",
                    "tints": [
                        {
                            "type": "minecraft:dye",
                            "default": -6265536
                        }
                    ]
                }
            },
            {
                "threshold": 59,
                "model": {
                    "type": "model",
                    "model": "modelengine:toro_ender_dragon/head",
                    "tints": [
                        {
                            "type": "minecraft:dye",
                            "default": -6265536
                        }
                    ]
                }
            },
            {
                "threshold": 60,
                "model": {
                    "type": "model",
                    "model": "modelengine:toro_ender_dragon/neck3",
                    "tints": [
                        {
                            "type": "minecraft:dye",
                            "default": -6265536
                        }
                    ]
                }
            },
            {
                "threshold": 61,
                "model": {
                    "type": "model",
                    "model": "modelengine:toro_ender_dragon/neck2",
                    "tints": [
                        {
                            "type": "minecraft:dye",
                            "default": -6265536
                        }
                    ]
                }
            },
            {
                "threshold": 62,
                "model": {
                    "type": "model",
                    "model": "modelengine:toro_ender_dragon/neck1",
                    "tints": [
                        {
                            "type": "minecraft:dye",
                            "default": -6265536
                        }
                    ]
                }
            },
            {
                "threshold": 63,
                "model": {
                    "type": "model",
                    "model": "modelengine:toro_ender_dragon/belly",
                    "tints": [
                        {
                            "type": "minecraft:dye",
                            "default": -6265536
                        }
                    ]
                }
            },
            {
                "threshold": 64,
                "model": {
                    "type": "model",
                    "model": "modelengine:toro_ender_dragon/left_claw",
                    "tints": [
                        {
                            "type": "minecraft:dye",
                            "default": -6265536
                        }
                    ]
                }
            },
            {
                "threshold": 65,
                "model": {
                    "type": "model",
                    "model": "modelengine:toro_ender_dragon/left_forearm",
                    "tints": [
                        {
                            "type": "minecraft:dye",
                            "default": -6265536
                        }
                    ]
                }
            },
            {
                "threshold": 66,
                "model": {
                    "type": "model",
                    "model": "modelengine:toro_ender_dragon/left_arm",
                    "tints": [
                        {
                            "type": "minecraft:dye",
                            "default": -6265536
                        }
                    ]
                }
            },
            {
                "threshold": 67,
                "model": {
                    "type": "model",
                    "model": "modelengine:toro_ender_dragon/right_claw",
                    "tints": [
                        {
                            "type": "minecraft:dye",
                            "default": -6265536
                        }
                    ]
                }
            },
            {
                "threshold": 68,
                "model": {
                    "type": "model",
                    "model": "modelengine:toro_ender_dragon/right_forearm",
                    "tints": [
                        {
                            "type": "minecraft:dye",
                            "default": -6265536
                        }
                    ]
                }
            },
            {
                "threshold": 69,
                "model": {
                    "type": "model",
                    "model": "modelengine:toro_ender_dragon/right_arm",
                    "tints": [
                        {
                            "type": "minecraft:dye",
                            "default": -6265536
                        }
                    ]
                }
            },
            {
                "threshold": 70,
                "model": {
                    "type": "model",
                    "model": "modelengine:toro_ender_dragon/left_wing_bone_three",
                    "tints": [
                        {
                            "type": "minecraft:dye",
                            "default": -6265536
                        }
                    ]
                }
            },
            {
                "threshold": 71,
                "model": {
                    "type": "model",
                    "model": "modelengine:toro_ender_dragon/left_wingtip_two",
                    "tints": [
                        {
                            "type": "minecraft:dye",
                            "default": -6265536
                        }
                    ]
                }
            },
            {
                "threshold": 72,
                "model": {
                    "type": "model",
                    "model": "modelengine:toro_ender_dragon/left_wing_bone_two",
                    "tints": [
                        {
                            "type": "minecraft:dye",
                            "default": -6265536
                        }
                    ]
                }
            },
            {
                "threshold": 73,
                "model": {
                    "type": "model",
                    "model": "modelengine:toro_ender_dragon/left_wingtip_one",
                    "tints": [
                        {
                            "type": "minecraft:dye",
                            "default": -6265536
                        }
                    ]
                }
            },
            {
                "threshold": 74,
                "model": {
                    "type": "model",
                    "model": "modelengine:toro_ender_dragon/left_wing_bone_one",
                    "tints": [
                        {
                            "type": "minecraft:dye",
                            "default": -6265536
                        }
                    ]
                }
            },
            {
                "threshold": 75,
                "model": {
                    "type": "model",
                    "model": "modelengine:toro_ender_dragon/left_wing_claw_one",
                    "tints": [
                        {
                            "type": "minecraft:dye",
                            "default": -6265536
                        }
                    ]
                }
            },
            {
                "threshold": 76,
                "model": {
                    "type": "model",
                    "model": "modelengine:toro_ender_dragon/left_wing_claw_two",
                    "tints": [
                        {
                            "type": "minecraft:dye",
                            "default": -6265536
                        }
                    ]
                }
            },
            {
                "threshold": 77,
                "model": {
                    "type": "model",
                    "model": "modelengine:toro_ender_dragon/left_wing_claw_three",
                    "tints": [
                        {
                            "type": "minecraft:dye",
                            "default": -6265536
                        }
                    ]
                }
            },
            {
                "threshold": 78,
                "model": {
                    "type": "model",
                    "model": "modelengine:toro_ender_dragon/left_wingforearm",
                    "tints": [
                        {
                            "type": "minecraft:dye",
                            "default": -6265536
                        }
                    ]
                }
            },
            {
                "threshold": 79,
                "model": {
                    "type": "model",
                    "model": "modelengine:toro_ender_dragon/leftwing_root",
                    "tints": [
                        {
                            "type": "minecraft:dye",
                            "default": -6265536
                        }
                    ]
                }
            },
            {
                "threshold": 80,
                "model": {
                    "type": "model",
                    "model": "modelengine:toro_ender_dragon/right_wing_bone_three",
                    "tints": [
                        {
                            "type": "minecraft:dye",
                            "default": -6265536
                        }
                    ]
                }
            },
            {
                "threshold": 81,
                "model": {
                    "type": "model",
                    "model": "modelengine:toro_ender_dragon/right_wingtip_two",
                    "tints": [
                        {
                            "type": "minecraft:dye",
                            "default": -6265536
                        }
                    ]
                }
            },
            {
                "threshold": 82,
                "model": {
                    "type": "model",
                    "model": "modelengine:toro_ender_dragon/right_wing_bone_two",
                    "tints": [
                        {
                            "type": "minecraft:dye",
                            "default": -6265536
                        }
                    ]
                }
            },
            {
                "threshold": 83,
                "model": {
                    "type": "model",
                    "model": "modelengine:toro_ender_dragon/right_wingtip_one",
                    "tints": [
                        {
                            "type": "minecraft:dye",
                            "default": -6265536
                        }
                    ]
                }
            },
            {
                "threshold": 84,
                "model": {
                    "type": "model",
                    "model": "modelengine:toro_ender_dragon/right_wing_bone_one",
                    "tints": [
                        {
                            "type": "minecraft:dye",
                            "default": -6265536
                        }
                    ]
                }
            },
            {
                "threshold": 85,
                "model": {
                    "type": "model",
                    "model": "modelengine:toro_ender_dragon/right_wing_claw_one",
                    "tints": [
                        {
                            "type": "minecraft:dye",
                            "default": -6265536
                        }
                    ]
                }
            },
            {
                "threshold": 86,
                "model": {
                    "type": "model",
                    "model": "modelengine:toro_ender_dragon/right_wing_claw_two",
                    "tints": [
                        {
                            "type": "minecraft:dye",
                            "default": -6265536
                        }
                    ]
                }
            },
            {
                "threshold": 87,
                "model": {
                    "type": "model",
                    "model": "modelengine:toro_ender_dragon/right_wing_claw_three",
                    "tints": [
                        {
                            "type": "minecraft:dye",
                            "default": -6265536
                        }
                    ]
                }
            },
            {
                "threshold": 88,
                "model": {
                    "type": "model",
                    "model": "modelengine:toro_ender_dragon/right_wingforearm",
                    "tints": [
                        {
                            "type": "minecraft:dye",
                            "default": -6265536
                        }
                    ]
                }
            },
            {
                "threshold": 89,
                "model": {
                    "type": "model",
                    "model": "modelengine:toro_ender_dragon/rightwing_root",
                    "tints": [
                        {
                            "type": "minecraft:dye",
                            "default": -6265536
                        }
                    ]
                }
            },
            {
                "threshold": 90,
                "model": {
                    "type": "model",
                    "model": "modelengine:toro_ender_dragon/chest",
                    "tints": [
                        {
                            "type": "minecraft:dye",
                            "default": -6265536
                        }
                    ]
                }
            },
            {
                "threshold": 91,
                "model": {
                    "type": "model",
                    "model": "modelengine:toro_ender_dragon/left_foot",
                    "tints": [
                        {
                            "type": "minecraft:dye",
                            "default": -6265536
                        }
                    ]
                }
            },
            {
                "threshold": 92,
                "model": {
                    "type": "model",
                    "model": "modelengine:toro_ender_dragon/left_upperfoot",
                    "tints": [
                        {
                            "type": "minecraft:dye",
                            "default": -6265536
                        }
                    ]
                }
            },
            {
                "threshold": 93,
                "model": {
                    "type": "model",
                    "model": "modelengine:toro_ender_dragon/left_foreleg",
                    "tints": [
                        {
                            "type": "minecraft:dye",
                            "default": -6265536
                        }
                    ]
                }
            },
            {
                "threshold": 94,
                "model": {
                    "type": "model",
                    "model": "modelengine:toro_ender_dragon/left_leg",
                    "tints": [
                        {
                            "type": "minecraft:dye",
                            "default": -6265536
                        }
                    ]
                }
            },
            {
                "threshold": 95,
                "model": {
                    "type": "model",
                    "model": "modelengine:toro_ender_dragon/right_foot",
                    "tints": [
                        {
                            "type": "minecraft:dye",
                            "default": -6265536
                        }
                    ]
                }
            },
            {
                "threshold": 96,
                "model": {
                    "type": "model",
                    "model": "modelengine:toro_ender_dragon/right_upperfoot",
                    "tints": [
                        {
                            "type": "minecraft:dye",
                            "default": -6265536
                        }
                    ]
                }
            },
            {
                "threshold": 97,
                "model": {
                    "type": "model",
                    "model": "modelengine:toro_ender_dragon/right_foreleg",
                    "tints": [
                        {
                            "type": "minecraft:dye",
                            "default": -6265536
                        }
                    ]
                }
            },
            {
                "threshold": 98,
                "model": {
                    "type": "model",
                    "model": "modelengine:toro_ender_dragon/right_leg",
                    "tints": [
                        {
                            "type": "minecraft:dye",
                            "default": -6265536
                        }
                    ]
                }
            },
            {
                "threshold": 99,
                "model": {
                    "type": "model",
                    "model": "modelengine:toro_ender_dragon/tail5",
                    "tints": [
                        {
                            "type": "minecraft:dye",
                            "default": -6265536
                        }
                    ]
                }
            },
            {
                "threshold": 100,
                "model": {
                    "type": "model",
                    "model": "modelengine:toro_ender_dragon/tail4",
                    "tints": [
                        {
                            "type": "minecraft:dye",
                            "default": -6265536
                        }
                    ]
                }
            },
            {
                "threshold": 101,
                "model": {
                    "type": "model",
                    "model": "modelengine:toro_ender_dragon/tail3",
                    "tints": [
                        {
                            "type": "minecraft:dye",
                            "default": -6265536
                        }
                    ]
                }
            },
            {
                "threshold": 102,
                "model": {
                    "type": "model",
                    "model": "modelengine:toro_ender_dragon/tail2",
                    "tints": [
                        {
                            "type": "minecraft:dye",
                            "default": -6265536
                        }
                    ]
                }
            },
            {
                "threshold": 103,
                "model": {
                    "type": "model",
                    "model": "modelengine:toro_ender_dragon/tail1",
                    "tints": [
                        {
                            "type": "minecraft:dye",
                            "default": -6265536
                        }
                    ]
                }
            },
            {
                "threshold": 104,
                "model": {
                    "type": "model",
                    "model": "modelengine:toro_ender_dragon/hip",
                    "tints": [
                        {
                            "type": "minecraft:dye",
                            "default": -6265536
                        }
                    ]
                }
            },
            {
                "threshold": 105,
                "model": {
                    "type": "model",
                    "model": "modelengine:toro_wither/left_rib",
                    "tints": [
                        {
                            "type": "minecraft:dye",
                            "default": -6265536
                        }
                    ]
                }
            },
            {
                "threshold": 106,
                "model": {
                    "type": "model",
                    "model": "modelengine:toro_wither/right_rib",
                    "tints": [
                        {
                            "type": "minecraft:dye",
                            "default": -6265536
                        }
                    ]
                }
            },
            {
                "threshold": 107,
                "model": {
                    "type": "model",
                    "model": "modelengine:toro_wither/core",
                    "tints": [
                        {
                            "type": "minecraft:dye",
                            "default": -6265536
                        }
                    ]
                }
            },
            {
                "threshold": 108,
                "model": {
                    "type": "model",
                    "model": "modelengine:toro_wither/left_head",
                    "tints": [
                        {
                            "type": "minecraft:dye",
                            "default": -6265536
                        }
                    ]
                }
            },
            {
                "threshold": 109,
                "model": {
                    "type": "model",
                    "model": "modelengine:toro_wither/left_neck",
                    "tints": [
                        {
                            "type": "minecraft:dye",
                            "default": -6265536
                        }
                    ]
                }
            },
            {
                "threshold": 110,
                "model": {
                    "type": "model",
                    "model": "modelengine:toro_wither/right_head",
                    "tints": [
                        {
                            "type": "minecraft:dye",
                            "default": -6265536
                        }
                    ]
                }
            },
            {
                "threshold": 111,
                "model": {
                    "type": "model",
                    "model": "modelengine:toro_wither/right_neck",
                    "tints": [
                        {
                            "type": "minecraft:dye",
                            "default": -6265536
                        }
                    ]
                }
            },
            {
                "threshold": 112,
                "model": {
                    "type": "model",
                    "model": "modelengine:toro_wither/spine2",
                    "tints": [
                        {
                            "type": "minecraft:dye",
                            "default": -6265536
                        }
                    ]
                }
            },
            {
                "threshold": 113,
                "model": {
                    "type": "model",
                    "model": "modelengine:toro_wither/spine",
                    "tints": [
                        {
                            "type": "minecraft:dye",
                            "default": -6265536
                        }
                    ]
                }
            },
            {
                "threshold": 114,
                "model": {
                    "type": "model",
                    "model": "modelengine:toro_wither/jaw",
                    "tints": [
                        {
                            "type": "minecraft:dye",
                            "default": -6265536
                        }
                    ]
                }
            },
            {
                "threshold": 115,
                "model": {
                    "type": "model",
                    "model": "modelengine:toro_wither/head",
                    "tints": [
                        {
                            "type": "minecraft:dye",
                            "default": -6265536
                        }
                    ]
                }
            },
            {
                "threshold": 116,
                "model": {
                    "type": "model",
                    "model": "modelengine:toro_wither/left_claw",
                    "tints": [
                        {
                            "type": "minecraft:dye",
                            "default": -6265536
                        }
                    ]
                }
            },
            {
                "threshold": 117,
                "model": {
                    "type": "model",
                    "model": "modelengine:toro_wither/left_forearm",
                    "tints": [
                        {
                            "type": "minecraft:dye",
                            "default": -6265536
                        }
                    ]
                }
            },
            {
                "threshold": 118,
                "model": {
                    "type": "model",
                    "model": "modelengine:toro_wither/left_arm",
                    "tints": [
                        {
                            "type": "minecraft:dye",
                            "default": -6265536
                        }
                    ]
                }
            },
            {
                "threshold": 119,
                "model": {
                    "type": "model",
                    "model": "modelengine:toro_wither/right_claw",
                    "tints": [
                        {
                            "type": "minecraft:dye",
                            "default": -6265536
                        }
                    ]
                }
            },
            {
                "threshold": 120,
                "model": {
                    "type": "model",
                    "model": "modelengine:toro_wither/right_forearm",
                    "tints": [
                        {
                            "type": "minecraft:dye",
                            "default": -6265536
                        }
                    ]
                }
            },
            {
                "threshold": 121,
                "model": {
                    "type": "model",
                    "model": "modelengine:toro_wither/right_arm",
                    "tints": [
                        {
                            "type": "minecraft:dye",
                            "default": -6265536
                        }
                    ]
                }
            },
            {
                "threshold": 122,
                "model": {
                    "type": "model",
                    "model": "modelengine:toro_wither/body",
                    "tints": [
                        {
                            "type": "minecraft:dye",
                            "default": -6265536
                        }
                    ]
                }
            },
            {
                "threshold": 123,
                "model": {
                    "type": "model",
                    "model": "modelengine:toro_wither_pool/pool",
                    "tints": [
                        {
                            "type": "minecraft:dye",
                            "default": -6265536
                        }
                    ]
                }
            },
            {
                "threshold": 124,
                "model": {
                    "type": "model",
                    "model": "modelengine:toro_wither_skull/left_head",
                    "tints": [
                        {
                            "type": "minecraft:dye",
                            "default": -6265536
                        }
                    ]
                }
            },
            {
                "threshold": 125,
                "model": {
                    "type": "model",
                    "model": "modelengine:toro_wither_skull_2ndphase/jaw",
                    "tints": [
                        {
                            "type": "minecraft:dye",
                            "default": -6265536
                        }
                    ]
                }
            },
            {
                "threshold": 126,
                "model": {
                    "type": "model",
                    "model": "modelengine:toro_wither_skull_2ndphase/head",
                    "tints": [
                        {
                            "type": "minecraft:dye",
                            "default": -6265536
                        }
                    ]
                }
            },
            {
                "threshold": 127,
                "model": {
                    "type": "model",
                    "model": "modelengine:toro_wither_still/left_rib",
                    "tints": [
                        {
                            "type": "minecraft:dye",
                            "default": -6265536
                        }
                    ]
                }
            },
            {
                "threshold": 128,
                "model": {
                    "type": "model",
                    "model": "modelengine:toro_wither_still/right_rib",
                    "tints": [
                        {
                            "type": "minecraft:dye",
                            "default": -6265536
                        }
                    ]
                }
            },
            {
                "threshold": 129,
                "model": {
                    "type": "model",
                    "model": "modelengine:toro_wither_still/core",
                    "tints": [
                        {
                            "type": "minecraft:dye",
                            "default": -6265536
                        }
                    ]
                }
            },
            {
                "threshold": 130,
                "model": {
                    "type": "model",
                    "model": "modelengine:toro_wither_still/left_head",
                    "tints": [
                        {
                            "type": "minecraft:dye",
                            "default": -6265536
                        }
                    ]
                }
            },
            {
                "threshold": 131,
                "model": {
                    "type": "model",
                    "model": "modelengine:toro_wither_still/left_neck",
                    "tints": [
                        {
                            "type": "minecraft:dye",
                            "default": -6265536
                        }
                    ]
                }
            },
            {
                "threshold": 132,
                "model": {
                    "type": "model",
                    "model": "modelengine:toro_wither_still/right_head",
                    "tints": [
                        {
                            "type": "minecraft:dye",
                            "default": -6265536
                        }
                    ]
                }
            },
            {
                "threshold": 133,
                "model": {
                    "type": "model",
                    "model": "modelengine:toro_wither_still/right_neck",
                    "tints": [
                        {
                            "type": "minecraft:dye",
                            "default": -6265536
                        }
                    ]
                }
            },
            {
                "threshold": 134,
                "model": {
                    "type": "model",
                    "model": "modelengine:toro_wither_still/spine2",
                    "tints": [
                        {
                            "type": "minecraft:dye",
                            "default": -6265536
                        }
                    ]
                }
            },
            {
                "threshold": 135,
                "model": {
                    "type": "model",
                    "model": "modelengine:toro_wither_still/spine",
                    "tints": [
                        {
                            "type": "minecraft:dye",
                            "default": -6265536
                        }
                    ]
                }
            },
            {
                "threshold": 136,
                "model": {
                    "type": "model",
                    "model": "modelengine:toro_wither_still/jaw",
                    "tints": [
                        {
                            "type": "minecraft:dye",
                            "default": -6265536
                        }
                    ]
                }
            },
            {
                "threshold": 137,
                "model": {
                    "type": "model",
                    "model": "modelengine:toro_wither_still/head",
                    "tints": [
                        {
                            "type": "minecraft:dye",
                            "default": -6265536
                        }
                    ]
                }
            },
            {
                "threshold": 138,
                "model": {
                    "type": "model",
                    "model": "modelengine:toro_wither_still/left_claw",
                    "tints": [
                        {
                            "type": "minecraft:dye",
                            "default": -6265536
                        }
                    ]
                }
            },
            {
                "threshold": 139,
                "model": {
                    "type": "model",
                    "model": "modelengine:toro_wither_still/left_forearm",
                    "tints": [
                        {
                            "type": "minecraft:dye",
                            "default": -6265536
                        }
                    ]
                }
            },
            {
                "threshold": 140,
                "model": {
                    "type": "model",
                    "model": "modelengine:toro_wither_still/left_arm",
                    "tints": [
                        {
                            "type": "minecraft:dye",
                            "default": -6265536
                        }
                    ]
                }
            },
            {
                "threshold": 141,
                "model": {
                    "type": "model",
                    "model": "modelengine:toro_wither_still/right_claw",
                    "tints": [
                        {
                            "type": "minecraft:dye",
                            "default": -6265536
                        }
                    ]
                }
            },
            {
                "threshold": 142,
                "model": {
                    "type": "model",
                    "model": "modelengine:toro_wither_still/right_forearm",
                    "tints": [
                        {
                            "type": "minecraft:dye",
                            "default": -6265536
                        }
                    ]
                }
            },
            {
                "threshold": 143,
                "model": {
                    "type": "model",
                    "model": "modelengine:toro_wither_still/right_arm",
                    "tints": [
                        {
                            "type": "minecraft:dye",
                            "default": -6265536
                        }
                    ]
                }
            },
            {
                "threshold": 144,
                "model": {
                    "type": "model",
                    "model": "modelengine:toro_wither_still/body",
                    "tints": [
                        {
                            "type": "minecraft:dye",
                            "default": -6265536
                        }
                    ]
                }
            },
            {
                "threshold": 145,
                "model": {
                    "type": "model",
                    "model": "modelengine:toro_wither_still/nothing",
                    "tints": [
                        {
                            "type": "minecraft:dye",
                            "default": -6265536
                        }
                    ]
                }
            },
            {
                "threshold": 146,
                "model": {
                    "type": "model",
                    "model": "modelengine:toro_wither_terror/jaw",
                    "tints": [
                        {
                            "type": "minecraft:dye",
                            "default": -6265536
                        }
                    ]
                }
            },
            {
                "threshold": 147,
                "model": {
                    "type": "model",
                    "model": "modelengine:toro_wither_terror/head",
                    "tints": [
                        {
                            "type": "minecraft:dye",
                            "default": -6265536
                        }
                    ]
                }
            },
            {
                "threshold": 148,
                "model": {
                    "type": "model",
                    "model": "modelengine:toro_wither_terror/neck",
                    "tints": [
                        {
                            "type": "minecraft:dye",
                            "default": -6265536
                        }
                    ]
                }
            },
            {
                "threshold": 149,
                "model": {
                    "type": "model",
                    "model": "modelengine:toro_wither_terror/left_thumb",
                    "tints": [
                        {
                            "type": "minecraft:dye",
                            "default": -6265536
                        }
                    ]
                }
            },
            {
                "threshold": 150,
                "model": {
                    "type": "model",
                    "model": "modelengine:toro_wither_terror/left_finger_index",
                    "tints": [
                        {
                            "type": "minecraft:dye",
                            "default": -6265536
                        }
                    ]
                }
            },
            {
                "threshold": 151,
                "model": {
                    "type": "model",
                    "model": "modelengine:toro_wither_terror/left_finger_mid",
                    "tints": [
                        {
                            "type": "minecraft:dye",
                            "default": -6265536
                        }
                    ]
                }
            },
            {
                "threshold": 152,
                "model": {
                    "type": "model",
                    "model": "modelengine:toro_wither_terror/left_finger_pinky",
                    "tints": [
                        {
                            "type": "minecraft:dye",
                            "default": -6265536
                        }
                    ]
                }
            },
            {
                "threshold": 153,
                "model": {
                    "type": "model",
                    "model": "modelengine:toro_wither_terror/left_hand",
                    "tints": [
                        {
                            "type": "minecraft:dye",
                            "default": -6265536
                        }
                    ]
                }
            },
            {
                "threshold": 154,
                "model": {
                    "type": "model",
                    "model": "modelengine:toro_wither_terror/left_forearm",
                    "tints": [
                        {
                            "type": "minecraft:dye",
                            "default": -6265536
                        }
                    ]
                }
            },
            {
                "threshold": 155,
                "model": {
                    "type": "model",
                    "model": "modelengine:toro_wither_terror/left_arm",
                    "tints": [
                        {
                            "type": "minecraft:dye",
                            "default": -6265536
                        }
                    ]
                }
            },
            {
                "threshold": 156,
                "model": {
                    "type": "model",
                    "model": "modelengine:toro_wither_terror/jaw2",
                    "tints": [
                        {
                            "type": "minecraft:dye",
                            "default": -6265536
                        }
                    ]
                }
            },
            {
                "threshold": 157,
                "model": {
                    "type": "model",
                    "model": "modelengine:toro_wither_terror/head_on_hand",
                    "tints": [
                        {
                            "type": "minecraft:dye",
                            "default": -6265536
                        }
                    ]
                }
            },
            {
                "threshold": 158,
                "model": {
                    "type": "model",
                    "model": "modelengine:toro_wither_terror/right_thumb",
                    "tints": [
                        {
                            "type": "minecraft:dye",
                            "default": -6265536
                        }
                    ]
                }
            },
            {
                "threshold": 159,
                "model": {
                    "type": "model",
                    "model": "modelengine:toro_wither_terror/right_finger_index",
                    "tints": [
                        {
                            "type": "minecraft:dye",
                            "default": -6265536
                        }
                    ]
                }
            },
            {
                "threshold": 160,
                "model": {
                    "type": "model",
                    "model": "modelengine:toro_wither_terror/right_finger_mid",
                    "tints": [
                        {
                            "type": "minecraft:dye",
                            "default": -6265536
                        }
                    ]
                }
            },
            {
                "threshold": 161,
                "model": {
                    "type": "model",
                    "model": "modelengine:toro_wither_terror/right_finger_pinky",
                    "tints": [
                        {
                            "type": "minecraft:dye",
                            "default": -6265536
                        }
                    ]
                }
            },
            {
                "threshold": 162,
                "model": {
                    "type": "model",
                    "model": "modelengine:toro_wither_terror/right_hand",
                    "tints": [
                        {
                            "type": "minecraft:dye",
                            "default": -6265536
                        }
                    ]
                }
            },
            {
                "threshold": 163,
                "model": {
                    "type": "model",
                    "model": "modelengine:toro_wither_terror/right_forearm",
                    "tints": [
                        {
                            "type": "minecraft:dye",
                            "default": -6265536
                        }
                    ]
                }
            },
            {
                "threshold": 164,
                "model": {
                    "type": "model",
                    "model": "modelengine:toro_wither_terror/right_arm",
                    "tints": [
                        {
                            "type": "minecraft:dye",
                            "default": -6265536
                        }
                    ]
                }
            },
            {
                "threshold": 165,
                "model": {
                    "type": "model",
                    "model": "modelengine:toro_wither_terror/tail3",
                    "tints": [
                        {
                            "type": "minecraft:dye",
                            "default": -6265536
                        }
                    ]
                }
            },
            {
                "threshold": 166,
                "model": {
                    "type": "model",
                    "model": "modelengine:toro_wither_terror/tail2",
                    "tints": [
                        {
                            "type": "minecraft:dye",
                            "default": -6265536
                        }
                    ]
                }
            },
            {
                "threshold": 167,
                "model": {
                    "type": "model",
                    "model": "modelengine:toro_wither_terror/tail1",
                    "tints": [
                        {
                            "type": "minecraft:dye",
                            "default": -6265536
                        }
                    ]
                }
            },
            {
                "threshold": 168,
                "model": {
                    "type": "model",
                    "model": "modelengine:toro_wither_terror/body",
                    "tints": [
                        {
                            "type": "minecraft:dye",
                            "default": -6265536
                        }
                    ]
                }
            },
            {
                "threshold": 169,
                "model": {
                    "type": "model",
                    "model": "modelengine:toro_xi/jaw",
                    "tints": [
                        {
                            "type": "minecraft:dye",
                            "default": -6265536
                        }
                    ]
                }
            },
            {
                "threshold": 170,
                "model": {
                    "type": "model",
                    "model": "modelengine:toro_xi/head",
                    "tints": [
                        {
                            "type": "minecraft:dye",
                            "default": -6265536
                        }
                    ]
                }
            },
            {
                "threshold": 171,
                "model": {
                    "type": "model",
                    "model": "modelengine:toro_xi/leftclaw",
                    "tints": [
                        {
                            "type": "minecraft:dye",
                            "default": -6265536
                        }
                    ]
                }
            },
            {
                "threshold": 172,
                "model": {
                    "type": "model",
                    "model": "modelengine:toro_xi/leftfrontarm",
                    "tints": [
                        {
                            "type": "minecraft:dye",
                            "default": -6265536
                        }
                    ]
                }
            },
            {
                "threshold": 173,
                "model": {
                    "type": "model",
                    "model": "modelengine:toro_xi/leftarm",
                    "tints": [
                        {
                            "type": "minecraft:dye",
                            "default": -6265536
                        }
                    ]
                }
            },
            {
                "threshold": 174,
                "model": {
                    "type": "model",
                    "model": "modelengine:toro_xi/rightclaw",
                    "tints": [
                        {
                            "type": "minecraft:dye",
                            "default": -6265536
                        }
                    ]
                }
            },
            {
                "threshold": 175,
                "model": {
                    "type": "model",
                    "model": "modelengine:toro_xi/rightfrontarm",
                    "tints": [
                        {
                            "type": "minecraft:dye",
                            "default": -6265536
                        }
                    ]
                }
            },
            {
                "threshold": 176,
                "model": {
                    "type": "model",
                    "model": "modelengine:toro_xi/rightarm",
                    "tints": [
                        {
                            "type": "minecraft:dye",
                            "default": -6265536
                        }
                    ]
                }
            },
            {
                "threshold": 177,
                "model": {
                    "type": "model",
                    "model": "modelengine:toro_xi/body",
                    "tints": [
                        {
                            "type": "minecraft:dye",
                            "default": -6265536
                        }
                    ]
                }
            },
            {
                "threshold": 178,
                "model": {
                    "type": "model",
                    "model": "modelengine:toro_xi/leftfoot",
                    "tints": [
                        {
                            "type": "minecraft:dye",
                            "default": -6265536
                        }
                    ]
                }
            },
            {
                "threshold": 179,
                "model": {
                    "type": "model",
                    "model": "modelengine:toro_xi/leftfrontleg",
                    "tints": [
                        {
                            "type": "minecraft:dye",
                            "default": -6265536
                        }
                    ]
                }
            },
            {
                "threshold": 180,
                "model": {
                    "type": "model",
                    "model": "modelengine:toro_xi/leftleg",
                    "tints": [
                        {
                            "type": "minecraft:dye",
                            "default": -6265536
                        }
                    ]
                }
            },
            {
                "threshold": 181,
                "model": {
                    "type": "model",
                    "model": "modelengine:toro_xi/rightfoot",
                    "tints": [
                        {
                            "type": "minecraft:dye",
                            "default": -6265536
                        }
                    ]
                }
            },
            {
                "threshold": 182,
                "model": {
                    "type": "model",
                    "model": "modelengine:toro_xi/rightfrontleg",
                    "tints": [
                        {
                            "type": "minecraft:dye",
                            "default": -6265536
                        }
                    ]
                }
            },
            {
                "threshold": 183,
                "model": {
                    "type": "model",
                    "model": "modelengine:toro_xi/rightleg",
                    "tints": [
                        {
                            "type": "minecraft:dye",
                            "default": -6265536
                        }
                    ]
                }
            },
            {
                "threshold": 184,
                "model": {
                    "type": "model",
                    "model": "modelengine:toro_xi/tail4",
                    "tints": [
                        {
                            "type": "minecraft:dye",
                            "default": -6265536
                        }
                    ]
                }
            },
            {
                "threshold": 185,
                "model": {
                    "type": "model",
                    "model": "modelengine:toro_xi/tail3",
                    "tints": [
                        {
                            "type": "minecraft:dye",
                            "default": -6265536
                        }
                    ]
                }
            },
            {
                "threshold": 186,
                "model": {
                    "type": "model",
                    "model": "modelengine:toro_xi/tail2",
                    "tints": [
                        {
                            "type": "minecraft:dye",
                            "default": -6265536
                        }
                    ]
                }
            },
            {
                "threshold": 187,
                "model": {
                    "type": "model",
                    "model": "modelengine:toro_xi/tail1",
                    "tints": [
                        {
                            "type": "minecraft:dye",
                            "default": -6265536
                        }
                    ]
                }
            },
            {
                "threshold": 188,
                "model": {
                    "type": "model",
                    "model": "modelengine:toro_xi/hip",
                    "tints": [
                        {
                            "type": "minecraft:dye",
                            "default": -6265536
                        }
                    ]
                }
            }
        ]
    }
}