{
    "model": {
        "type": "range_dispatch",
        "property": "custom_model_data",
        "fallback": {
            "type": "model",
            "model": "minecraft:item/leather"
        },
        "entries": [
            {
                "threshold": 1,
                "model": {
                    "type": "model",
                    "model": "item/cosmetics/hats/golden_crown/golden_crown"
                }
            },
            {
                "threshold": 2,
                "model": {
                    "type": "model",
                    "model": "item/cosmetics/hats/devil_horns/devil_horns"
                }
            },
            {
                "threshold": 3,
                "model": {
                    "type": "model",
                    "model": "item/cosmetics/capes/dragon_backpack/dragon_backpack"
                }
            },
            {
                "threshold": 4,
                "model": {
                    "type": "model",
                    "model": "item/cosmetics/capes/spider_cape/spider_cape"
                }
            },
            {
                "threshold": 5,
                "model": {
                    "type": "model",
                    "model": "item/cosmetics/hats/flower_crown/flower_crown"
                }
            }
        ]
    }
}