{
	"credit": "Made with Blockbench",
	"textures": {
		"0": "item/magic_ball",
		"particle": "item/magic_ball"
	},
	"elements": [
		{
			"from": [-3.31791, -7.99625, 8],
			"to": [19.24209, 14.56375, 8],
			"rotation": {"angle": 0, "axis": "x", "origin": [7.96209, 3.28375, 8]},
			"faces": {
				"north": {"uv": [16, 0, 0, 16], "rotation": 180, "texture": "#0"},
				"east": {"uv": [0, 0, 0, 16], "rotation": 180, "texture": "#missing"},
				"south": {"uv": [0, 0, 16, 16], "rotation": 180, "texture": "#0"},
				"west": {"uv": [0, 0, 0, 16], "rotation": 180, "texture": "#missing"},
				"up": {"uv": [0, 0, 16, 0], "texture": "#missing"},
				"down": {"uv": [0, 0, 16, 0], "texture": "#missing"}
			}
		},
		{
			"from": [7.78584, -6.93875, -3.28],
			"to": [7.78584, 15.62125, 19.28],
			"rotation": {"angle": 0, "axis": "y", "origin": [7.78584, 4.34125, 8]},
			"faces": {
				"north": {"uv": [0, 0, 0, 16], "texture": "#missing"},
				"east": {"uv": [16, 0, 0, 16], "texture": "#0"},
				"south": {"uv": [0, 0, 0, 16], "texture": "#missing"},
				"west": {"uv": [0, 0, 16, 16], "texture": "#0"},
				"up": {"uv": [0, 0, 16, 0], "rotation": 270, "texture": "#missing"},
				"down": {"uv": [0, 0, 16, 0], "rotation": 90, "texture": "#missing"}
			}
		},
		{
			"from": [-2.96541, 3.8125, -3.28],
			"to": [19.59459, 3.8125, 19.28],
			"rotation": {"angle": 0, "axis": "z", "origin": [8.31459, 3.8125, 8]},
			"faces": {
				"north": {"uv": [0, 0, 0, 16], "rotation": 270, "texture": "#missing"},
				"east": {"uv": [0, 0, 16, 0], "texture": "#missing"},
				"south": {"uv": [0, 0, 0, 16], "rotation": 90, "texture": "#missing"},
				"west": {"uv": [0, 0, 16, 0], "rotation": 180, "texture": "#missing"},
				"up": {"uv": [0, 0, 16, 16], "rotation": 90, "texture": "#0"},
				"down": {"uv": [0, 0, 16, 16], "rotation": 90, "texture": "#0"}
			}
		}
	],
	"display": {
		"thirdperson_righthand": {
			"translation": [0.25, 2.5, -1.5],
			"scale": [1.26, 1.26, 1.26]
		},
		"thirdperson_lefthand": {
			"translation": [0.25, 2.5, -1.5],
			"scale": [1.26, 1.26, 1.26]
		},
		"firstperson_righthand": {
			"translation": [2, 3.75, 0]
		},
		"firstperson_lefthand": {
			"translation": [2, 3.75, 0]
		},
		"ground": {
			"translation": [0, 5.5, 0],
			"scale": [2.3, 2.3, 2.3]
		},
		"gui": {
			"translation": [0.75, 1, 0],
			"scale": [2.83, 2.83, 2.83]
		},
		"head": {
			"rotation": [0, 1, 1],
			"translation": [3, 35.75, -0.5],
			"scale": [4, 4, 4]
		},
		"fixed": {
			"translation": [0, 0, -11.5],
			"scale": [4, 4, 4]
		}
	}
}