{
	"credit": "Made with Blockbench",
	"textures": {
		"0": "item/magic_ball_appear",
		"particle": "item/magic_ball_appear"
	},
	"elements": [
		{
			"from": [-14.63583, -15.9925, 8],
			"to": [30.48417, 29.1275, 8],
			"rotation": {"angle": 0, "axis": "x", "origin": [7.92417, 6.5675, 8]},
			"faces": {
				"north": {"uv": [16, 0, 0, 16], "rotation": 180, "texture": "#0"},
				"east": {"uv": [0, 0, 0, 16], "rotation": 180, "texture": "#missing"},
				"south": {"uv": [0, 0, 16, 16], "rotation": 180, "texture": "#0"},
				"west": {"uv": [0, 0, 0, 16], "rotation": 180, "texture": "#missing"},
				"up": {"uv": [0, 0, 16, 0], "texture": "#missing"},
				"down": {"uv": [0, 0, 16, 0], "texture": "#missing"}
			}
		},
		{
			"from": [7.57167, -13.8775, -14.56],
			"to": [7.57167, 31.2425, 30.56],
			"rotation": {"angle": 0, "axis": "y", "origin": [7.57167, 8.6825, 8]},
			"faces": {
				"north": {"uv": [0, 0, 0, 16], "texture": "#missing"},
				"east": {"uv": [16, 0, 0, 16], "texture": "#0"},
				"south": {"uv": [0, 0, 0, 16], "texture": "#missing"},
				"west": {"uv": [0, 0, 16, 16], "texture": "#0"},
				"up": {"uv": [0, 0, 16, 0], "rotation": 270, "texture": "#missing"},
				"down": {"uv": [0, 0, 16, 0], "rotation": 90, "texture": "#missing"}
			}
		},
		{
			"from": [-13.93083, 7.625, -14.56],
			"to": [31.18917, 7.625, 30.56],
			"rotation": {"angle": 0, "axis": "z", "origin": [8.62917, 7.625, 8]},
			"faces": {
				"north": {"uv": [0, 0, 0, 16], "rotation": 270, "texture": "#missing"},
				"east": {"uv": [0, 0, 16, 0], "texture": "#missing"},
				"south": {"uv": [0, 0, 0, 16], "rotation": 90, "texture": "#missing"},
				"west": {"uv": [0, 0, 16, 0], "rotation": 180, "texture": "#missing"},
				"up": {"uv": [0, 0, 16, 16], "rotation": 90, "texture": "#0"},
				"down": {"uv": [0, 0, 16, 16], "rotation": 90, "texture": "#0"}
			}
		}
	],
	"display": {
		"thirdperson_righthand": {
			"translation": [0.25, 2.5, -1.5],
			"scale": [1.26, 1.26, 1.26]
		},
		"thirdperson_lefthand": {
			"translation": [0.25, 2.5, -1.5],
			"scale": [1.26, 1.26, 1.26]
		},
		"firstperson_righthand": {
			"translation": [2, 3.75, 0]
		},
		"firstperson_lefthand": {
			"translation": [2, 3.75, 0]
		},
		"ground": {
			"translation": [0, 5.5, 0],
			"scale": [2.3, 2.3, 2.3]
		},
		"gui": {
			"translation": [0.75, 1, 0],
			"scale": [2.83, 2.83, 2.83]
		},
		"head": {
			"rotation": [0, 1, 1],
			"translation": [3, -40.75, -0.5],
			"scale": [4, 4, 4]
		},
		"fixed": {
			"translation": [0, 0, -11.5],
			"scale": [4, 4, 4]
		}
	}
}