{
	"credit": "Made with Blockbench",
	"texture_size": [32, 32],
	"textures": {
		"3": "item/magic_stones_diffuse"
	},
	"elements": [
		{
			"from": [6.5, 13, 6.5],
			"to": [9.5, 15, 9.5],
			"rotation": {"angle": 0, "axis": "y", "origin": [0.5, 15.5, 0.5]},
			"faces": {
				"north": {"uv": [6, 5, 7.5, 6], "texture": "#3"},
				"east": {"uv": [0, 6.5, 1.5, 7.5], "texture": "#3"},
				"south": {"uv": [3, 6.5, 4.5, 7.5], "texture": "#3"},
				"west": {"uv": [4.5, 6.5, 6, 7.5], "texture": "#3"},
				"up": {"uv": [5.5, 3.5, 4, 2], "texture": "#3"},
				"down": {"uv": [3.5, 4.5, 2, 6], "texture": "#3"}
			}
		},
		{
			"from": [6.5, 19, 6.5],
			"to": [9.5, 21, 9.5],
			"rotation": {"angle": 0, "axis": "y", "origin": [0.5, 15.5, 0.5]},
			"faces": {
				"north": {"uv": [7, 1.5, 8.5, 2.5], "texture": "#3"},
				"east": {"uv": [7, 2.5, 8.5, 3.5], "texture": "#3"},
				"south": {"uv": [0, 7.5, 1.5, 8.5], "texture": "#3"},
				"west": {"uv": [1.5, 7.5, 3, 8.5], "texture": "#3"},
				"up": {"uv": [1.5, 6.5, 0, 5], "texture": "#3"},
				"down": {"uv": [7, 2, 5.5, 3.5], "texture": "#3"}
			}
		},
		{
			"from": [2.5, 11, 11.5],
			"to": [5.5, 13, 14.5],
			"rotation": {"angle": 22.5, "axis": "y", "origin": [4, 12.16667, 13]},
			"faces": {
				"north": {"uv": [3, 7.5, 4.5, 8.5], "texture": "#3"},
				"east": {"uv": [4.5, 7.5, 6, 8.5], "texture": "#3"},
				"south": {"uv": [6, 7.5, 7.5, 8.5], "texture": "#3"},
				"west": {"uv": [7.5, 7.5, 9, 8.5], "texture": "#3"},
				"up": {"uv": [3, 7.5, 1.5, 6], "texture": "#3"},
				"down": {"uv": [7.5, 6, 6, 7.5], "texture": "#3"}
			}
		},
		{
			"from": [10.5, 10, 1.5],
			"to": [13.5, 12, 4.5],
			"rotation": {"angle": -22.5, "axis": "y", "origin": [12, 11.16667, 3]},
			"faces": {
				"north": {"uv": [7.5, 0, 9, 1], "texture": "#3"},
				"east": {"uv": [7.5, 3.5, 9, 4.5], "texture": "#3"},
				"south": {"uv": [7.5, 4.5, 9, 5.5], "texture": "#3"},
				"west": {"uv": [7.5, 5.5, 9, 6.5], "texture": "#3"},
				"up": {"uv": [7.5, 1.5, 6, 0], "texture": "#3"},
				"down": {"uv": [7.5, 3.5, 6, 5], "texture": "#3"}
			}
		},
		{
			"from": [7, 12, 7],
			"to": [9, 13, 9],
			"rotation": {"angle": 0, "axis": "y", "origin": [0.5, 15.5, 0.5]},
			"faces": {
				"north": {"uv": [4, 3.5, 5, 4], "texture": "#3"},
				"east": {"uv": [5, 3.5, 6, 4], "texture": "#3"},
				"south": {"uv": [3, 6, 4, 6.5], "texture": "#3"},
				"west": {"uv": [6, 1.5, 7, 2], "texture": "#3"},
				"up": {"uv": [8.5, 7.5, 7.5, 6.5], "texture": "#3"},
				"down": {"uv": [1, 8.5, 0, 9.5], "texture": "#3"}
			}
		},
		{
			"from": [3, 10, 12],
			"to": [5, 11, 14],
			"rotation": {"angle": 22.5, "axis": "y", "origin": [4, 12.16667, 13]},
			"faces": {
				"north": {"uv": [7.5, 1, 8.5, 1.5], "texture": "#3"},
				"east": {"uv": [9, 8.5, 10, 9], "texture": "#3"},
				"south": {"uv": [9.5, 7, 10.5, 7.5], "texture": "#3"},
				"west": {"uv": [10, 5, 11, 5.5], "texture": "#3"},
				"up": {"uv": [10, 1, 9, 0], "texture": "#3"},
				"down": {"uv": [10, 3, 9, 4], "texture": "#3"}
			}
		},
		{
			"from": [11, 9, 2],
			"to": [13, 10, 4],
			"rotation": {"angle": -22.5, "axis": "y", "origin": [12, 11.16667, 3]},
			"faces": {
				"north": {"uv": [10, 5.5, 11, 6], "texture": "#3"},
				"east": {"uv": [10, 7.5, 11, 8], "texture": "#3"},
				"south": {"uv": [10, 8, 11, 8.5], "texture": "#3"},
				"west": {"uv": [10, 8.5, 11, 9], "texture": "#3"},
				"up": {"uv": [4, 10.5, 3, 9.5], "texture": "#3"},
				"down": {"uv": [5, 9.5, 4, 10.5], "texture": "#3"}
			}
		},
		{
			"from": [7, 21, 7],
			"to": [9, 23, 9],
			"rotation": {"angle": 0, "axis": "y", "origin": [0.5, 15.5, 0.5]},
			"faces": {
				"north": {"uv": [1, 8.5, 2, 9.5], "texture": "#3"},
				"east": {"uv": [2, 8.5, 3, 9.5], "texture": "#3"},
				"south": {"uv": [3, 8.5, 4, 9.5], "texture": "#3"},
				"west": {"uv": [4, 8.5, 5, 9.5], "texture": "#3"},
				"up": {"uv": [6, 9.5, 5, 8.5], "texture": "#3"},
				"down": {"uv": [7, 8.5, 6, 9.5], "texture": "#3"}
			}
		},
		{
			"from": [3, 13, 12],
			"to": [5, 15, 14],
			"rotation": {"angle": 22.5, "axis": "y", "origin": [4, 12.16667, 13]},
			"faces": {
				"north": {"uv": [7, 8.5, 8, 9.5], "texture": "#3"},
				"east": {"uv": [8, 8.5, 9, 9.5], "texture": "#3"},
				"south": {"uv": [8.5, 1, 9.5, 2], "texture": "#3"},
				"west": {"uv": [8.5, 2, 9.5, 3], "texture": "#3"},
				"up": {"uv": [9.5, 7.5, 8.5, 6.5], "texture": "#3"},
				"down": {"uv": [10, 9, 9, 10], "texture": "#3"}
			}
		},
		{
			"from": [3, 19, 2],
			"to": [5, 21, 4],
			"rotation": {"angle": -22.5, "axis": "y", "origin": [4, 20, 3]},
			"faces": {
				"north": {"uv": [5, 9.5, 6, 10.5], "texture": "#3"},
				"east": {"uv": [6, 9.5, 7, 10.5], "texture": "#3"},
				"south": {"uv": [7, 9.5, 8, 10.5], "texture": "#3"},
				"west": {"uv": [8, 9.5, 9, 10.5], "texture": "#3"},
				"up": {"uv": [10.5, 2, 9.5, 1], "texture": "#3"},
				"down": {"uv": [10.5, 2, 9.5, 3], "texture": "#3"}
			}
		},
		{
			"from": [11, 17, 12],
			"to": [13, 19, 14],
			"rotation": {"angle": 22.5, "axis": "y", "origin": [12, 18, 13]},
			"faces": {
				"north": {"uv": [9.5, 6, 10.5, 7], "texture": "#3"},
				"east": {"uv": [9, 10, 10, 11], "texture": "#3"},
				"south": {"uv": [10, 10, 11, 11], "texture": "#3"},
				"west": {"uv": [10, 0, 11, 1], "texture": "#3"},
				"up": {"uv": [11, 4, 10, 3], "texture": "#3"},
				"down": {"uv": [11, 4, 10, 5], "texture": "#3"}
			}
		},
		{
			"from": [8.08658, 6, 4.3806],
			"to": [10.08658, 8, 6.3806],
			"rotation": {"angle": -45, "axis": "x", "origin": [9.08658, 7, 5.3806]},
			"faces": {
				"north": {"uv": [9, 10, 10, 11], "texture": "#3"},
				"east": {"uv": [10, 10, 11, 11], "texture": "#3"},
				"south": {"uv": [10, 0, 11, 1], "texture": "#3"},
				"west": {"uv": [9.5, 6, 10.5, 7], "texture": "#3"},
				"up": {"uv": [11, 4, 10, 3], "rotation": 270, "texture": "#3"},
				"down": {"uv": [11, 4, 10, 5], "rotation": 90, "texture": "#3"}
			}
		},
		{
			"from": [4.08658, 26, 10.3806],
			"to": [6.08658, 28, 12.3806],
			"rotation": {"angle": 45, "axis": "z", "origin": [5.08658, 27, 11.3806]},
			"faces": {
				"north": {"uv": [9.5, 6, 10.5, 7], "texture": "#3"},
				"east": {"uv": [9, 10, 10, 11], "texture": "#3"},
				"south": {"uv": [10, 10, 11, 11], "texture": "#3"},
				"west": {"uv": [10, 0, 11, 1], "texture": "#3"},
				"up": {"uv": [11, 4, 10, 3], "texture": "#3"},
				"down": {"uv": [11, 4, 10, 5], "texture": "#3"}
			}
		},
		{
			"from": [11, 12, 2],
			"to": [13, 14, 4],
			"rotation": {"angle": -22.5, "axis": "y", "origin": [12, 11.16667, 3]},
			"faces": {
				"north": {"uv": [9, 4, 10, 5], "texture": "#3"},
				"east": {"uv": [9, 5, 10, 6], "texture": "#3"},
				"south": {"uv": [9, 7.5, 10, 8.5], "texture": "#3"},
				"west": {"uv": [0, 9.5, 1, 10.5], "texture": "#3"},
				"up": {"uv": [2, 10.5, 1, 9.5], "texture": "#3"},
				"down": {"uv": [3, 9.5, 2, 10.5], "texture": "#3"}
			}
		},
		{
			"from": [6, 14, 6],
			"to": [10, 19, 10],
			"rotation": {"angle": 0, "axis": "y", "origin": [0.5, 15.5, 0.5]},
			"faces": {
				"north": {"uv": [0, 0, 2, 2.5], "texture": "#3"},
				"east": {"uv": [2, 2, 4, 4.5], "texture": "#3"},
				"south": {"uv": [0, 2.5, 2, 5], "texture": "#3"},
				"west": {"uv": [4, 4, 6, 6.5], "texture": "#3"},
				"up": {"uv": [4, 2, 2, 0], "texture": "#3"},
				"down": {"uv": [6, 0, 4, 2], "texture": "#3"}
			}
		}
	],
	"display": {
		"head": {
			"translation": [0, -27, 0],
			"scale": [1.83, 1.83, 1.83]
		}
	},
	"groups": [
		{
			"name": "group",
			"origin": [20, 12.5, -4],
			"children": []
		}, 0, 1, 2, 3, 4, 5, 6, 7, 8, 9, 10, 11, 12, 13, 14]
}