{
	"credit": "Made with Blockbench",
	"texture_size": [32, 32],
	"textures": {
		"1": "item/mushroom_head",
		"particle": "zombie mushroom/zombie_mushroom"
	},
	"elements": [
		{
			"from": [9, 17, -4.5],
			"to": [16, 20, 2.5],
			"rotation": {"angle": -22.5, "axis": "x", "origin": [12.5, 18.16667, -1]},
			"faces": {
				"north": {"uv": [6.5, 0, 10, 1.5], "texture": "#1"},
				"east": {"uv": [6.5, 1.5, 10, 3], "texture": "#1"},
				"south": {"uv": [6.5, 3, 10, 4.5], "texture": "#1"},
				"west": {"uv": [6.5, 4.5, 10, 6], "texture": "#1"},
				"up": {"uv": [3.5, 3.5, 0, 0], "texture": "#1"},
				"down": {"uv": [3.5, 3.5, 0, 7], "texture": "#1"}
			}
		},
		{
			"from": [-1, 14, 8],
			"to": [5, 17, 14],
			"rotation": {"angle": 22.5, "axis": "z", "origin": [2, 16.5, 11]},
			"faces": {
				"north": {"uv": [0, 7, 3, 8.5], "texture": "#1"},
				"east": {"uv": [0, 8.5, 3, 10], "texture": "#1"},
				"south": {"uv": [8.5, 8.5, 11.5, 10], "texture": "#1"},
				"west": {"uv": [8.5, 6, 11.5, 7.5], "texture": "#1"},
				"up": {"uv": [6.5, 6.5, 3.5, 3.5], "texture": "#1"},
				"down": {"uv": [6.5, 0, 3.5, 3], "texture": "#1"}
			}
		},
		{
			"from": [8, 9, -2],
			"to": [11, 12, 0],
			"rotation": {"angle": 0, "axis": "z", "origin": [9, 11.5, -3]},
			"faces": {
				"north": {"uv": [9, 10, 10.5, 11.5], "texture": "#1"},
				"east": {"uv": [11.5, 1.5, 12.5, 3], "texture": "#1"},
				"south": {"uv": [10, 0, 11.5, 1.5], "texture": "#1"},
				"west": {"uv": [11.5, 3, 12.5, 4.5], "texture": "#1"},
				"up": {"uv": [10, 8.5, 8.5, 7.5], "texture": "#1"},
				"down": {"uv": [8.5, 9, 7, 10], "texture": "#1"}
			}
		},
		{
			"from": [3, 5, 16],
			"to": [6, 8, 18],
			"rotation": {"angle": 0, "axis": "z", "origin": [4, 7.5, 15]},
			"faces": {
				"north": {"uv": [2, 11, 3.5, 12.5], "texture": "#1"},
				"east": {"uv": [11.5, 4.5, 12.5, 6], "texture": "#1"},
				"south": {"uv": [3.5, 11, 5, 12.5], "texture": "#1"},
				"west": {"uv": [11.5, 6, 12.5, 7.5], "texture": "#1"},
				"up": {"uv": [11.5, 8.5, 10, 7.5], "texture": "#1"},
				"down": {"uv": [13, 7.5, 11.5, 8.5], "texture": "#1"}
			}
		},
		{
			"from": [10, 11, 16],
			"to": [12, 13, 18],
			"rotation": {"angle": 0, "axis": "z", "origin": [10, 13.5, 15]},
			"faces": {
				"north": {"uv": [5.5, 12.5, 6.5, 13.5], "texture": "#1"},
				"east": {"uv": [12.5, 0, 13.5, 1], "texture": "#1"},
				"south": {"uv": [12.5, 1, 13.5, 2], "texture": "#1"},
				"west": {"uv": [12.5, 2, 13.5, 3], "texture": "#1"},
				"up": {"uv": [13.5, 4, 12.5, 3], "texture": "#1"},
				"down": {"uv": [13.5, 4, 12.5, 5], "texture": "#1"}
			}
		},
		{
			"from": [-1, 9, 3],
			"to": [0, 12, 6],
			"rotation": {"angle": 0, "axis": "z", "origin": [-2, 11.5, 2]},
			"faces": {
				"north": {"uv": [6.5, 12.5, 7, 14], "texture": "#1"},
				"east": {"uv": [10, 1.5, 11.5, 3], "texture": "#1"},
				"south": {"uv": [12.5, 5, 13, 6.5], "texture": "#1"},
				"west": {"uv": [10, 3, 11.5, 4.5], "texture": "#1"},
				"up": {"uv": [0.5, 14.5, 0, 13], "texture": "#1"},
				"down": {"uv": [1, 13, 0.5, 14.5], "texture": "#1"}
			}
		},
		{
			"from": [16, 5, 3],
			"to": [17, 8, 6],
			"rotation": {"angle": 0, "axis": "z", "origin": [15, 7.5, 2]},
			"faces": {
				"north": {"uv": [1, 13, 1.5, 14.5], "texture": "#1"},
				"east": {"uv": [10, 4.5, 11.5, 6], "texture": "#1"},
				"south": {"uv": [1.5, 13, 2, 14.5], "texture": "#1"},
				"west": {"uv": [10.5, 10.5, 12, 12], "texture": "#1"},
				"up": {"uv": [7.5, 14.5, 7, 13], "texture": "#1"},
				"down": {"uv": [8, 13, 7.5, 14.5], "texture": "#1"}
			}
		},
		{
			"from": [16, 7, 9],
			"to": [17, 11, 13],
			"rotation": {"angle": 0, "axis": "z", "origin": [15, 9.5, 8]},
			"faces": {
				"north": {"uv": [3, 7, 3.5, 9], "texture": "#1"},
				"east": {"uv": [0, 10, 2, 12], "texture": "#1"},
				"south": {"uv": [4, 12.5, 4.5, 14.5], "texture": "#1"},
				"west": {"uv": [7, 10, 9, 12], "texture": "#1"},
				"up": {"uv": [5, 14.5, 4.5, 12.5], "texture": "#1"},
				"down": {"uv": [5.5, 12.5, 5, 14.5], "texture": "#1"}
			}
		},
		{
			"from": [3, 3, -1],
			"to": [5, 5, 0],
			"rotation": {"angle": 0, "axis": "z", "origin": [3, 4.5, -3]},
			"faces": {
				"north": {"uv": [2, 12.5, 3, 13.5], "texture": "#1"},
				"east": {"uv": [12.5, 6.5, 13, 7.5], "texture": "#1"},
				"south": {"uv": [3, 12.5, 4, 13.5], "texture": "#1"},
				"west": {"uv": [8, 13, 8.5, 14], "texture": "#1"},
				"up": {"uv": [13, 12, 12, 11.5], "texture": "#1"},
				"down": {"uv": [9.5, 13, 8.5, 13.5], "texture": "#1"}
			}
		},
		{
			"from": [0, 17, 9],
			"to": [4, 18, 13],
			"rotation": {"angle": 22.5, "axis": "z", "origin": [2, 16.5, 11]},
			"faces": {
				"north": {"uv": [6.5, 6, 8.5, 6.5], "texture": "#1"},
				"east": {"uv": [11.5, 9.5, 13.5, 10], "texture": "#1"},
				"south": {"uv": [12, 10.5, 14, 11], "texture": "#1"},
				"west": {"uv": [12, 11, 14, 11.5], "texture": "#1"},
				"up": {"uv": [5, 11, 3, 9], "texture": "#1"},
				"down": {"uv": [7, 9, 5, 11], "texture": "#1"}
			}
		},
		{
			"from": [11.5, 14, -2],
			"to": [13.5, 17, 0],
			"rotation": {"angle": -22.5, "axis": "x", "origin": [12.5, 18.16667, -1]},
			"faces": {
				"north": {"uv": [5, 11, 6, 12.5], "texture": "#1"},
				"east": {"uv": [6, 11, 7, 12.5], "texture": "#1"},
				"south": {"uv": [9, 11.5, 10, 13], "texture": "#1"},
				"west": {"uv": [11.5, 0, 12.5, 1.5], "texture": "#1"},
				"up": {"uv": [3, 11, 2, 10], "texture": "#1"},
				"down": {"uv": [1, 12, 0, 13], "texture": "#1"}
			}
		},
		{
			"from": [11.5, 11.4212, -3.56854],
			"to": [13.5, 13.4212, -1.56854],
			"rotation": {"angle": -45, "axis": "x", "origin": [12.5, 17.58787, -2.56854]},
			"faces": {
				"north": {"uv": [1, 12, 2, 13], "texture": "#1"},
				"east": {"uv": [7, 12, 8, 13], "texture": "#1"},
				"south": {"uv": [8, 12, 9, 13], "texture": "#1"},
				"west": {"uv": [10, 12, 11, 13], "texture": "#1"},
				"up": {"uv": [12, 13, 11, 12], "texture": "#1"},
				"down": {"uv": [13, 12, 12, 13], "texture": "#1"}
			}
		},
		{
			"from": [10, 20, -3.5],
			"to": [15, 21, 1.5],
			"rotation": {"angle": -22.5, "axis": "x", "origin": [12.5, 18.16667, -1]},
			"faces": {
				"north": {"uv": [3.5, 3, 6, 3.5], "texture": "#1"},
				"east": {"uv": [10.5, 10, 13, 10.5], "texture": "#1"},
				"south": {"uv": [11.5, 8.5, 14, 9], "texture": "#1"},
				"west": {"uv": [11.5, 9, 14, 9.5], "texture": "#1"},
				"up": {"uv": [6, 9, 3.5, 6.5], "texture": "#1"},
				"down": {"uv": [8.5, 6.5, 6, 9], "texture": "#1"}
			}
		}
	],
	"display": {
		"head": {
			"rotation": [0, -90, 0],
			"scale": [0.82, 0.82, 0.82]
		}
	}
}