{
    "model": {
        "type": "range_dispatch",
        "property": "custom_model_data",
        "fallback": {
            "type": "model",
            "model": "minecraft:item/pink_dye"
        },
        "entries": [
            {
                "threshold": 201,
                "model": {
                    "type": "model",
                    "model": "minecraft:item/potions/potion_t1_1"
                }
            },
            {
                "threshold": 202,
                "model": {
                    "type": "model",
                    "model": "minecraft:item/potions/potion_t1_2"
                }
            },
            {
                "threshold": 203,
                "model": {
                    "type": "model",
                    "model": "minecraft:item/potions/potion_t1_3"
                }
            },
            {
                "threshold": 204,
                "model": {
                    "type": "model",
                    "model": "minecraft:item/potions/potion_t1_4"
                }
            },
            {
                "threshold": 205,
                "model": {
                    "type": "model",
                    "model": "minecraft:item/potions/potion_t1_5"
                }
            },
            {
                "threshold": 206,
                "model": {
                    "type": "model",
                    "model": "minecraft:item/potions/potion_t1_6"
                }
            },
            {
                "threshold": 207,
                "model": {
                    "type": "model",
                    "model": "minecraft:item/potions/potion_t1_7"
                }
            },
            {
                "threshold": 208,
                "model": {
                    "type": "model",
                    "model": "minecraft:item/potions/potion_t1_8"
                }
            },
            {
                "threshold": 209,
                "model": {
                    "type": "model",
                    "model": "minecraft:item/potions/potion_t1_9"
                }
            },
            {
                "threshold": 210,
                "model": {
                    "type": "model",
                    "model": "minecraft:item/potions/potion_t1_bottle"
                }
            },
            {
                "threshold": 211,
                "model": {
                    "type": "model",
                    "model": "minecraft:item/potions/potion_t2_1"
                }
            },
            {
                "threshold": 212,
                "model": {
                    "type": "model",
                    "model": "minecraft:item/potions/potion_t2_2"
                }
            },
            {
                "threshold": 213,
                "model": {
                    "type": "model",
                    "model": "minecraft:item/potions/potion_t2_3"
                }
            },
            {
                "threshold": 214,
                "model": {
                    "type": "model",
                    "model": "minecraft:item/potions/potion_t2_4"
                }
            },
            {
                "threshold": 215,
                "model": {
                    "type": "model",
                    "model": "minecraft:item/potions/potion_t2_5"
                }
            },
            {
                "threshold": 216,
                "model": {
                    "type": "model",
                    "model": "minecraft:item/potions/potion_t2_6"
                }
            },
            {
                "threshold": 217,
                "model": {
                    "type": "model",
                    "model": "minecraft:item/potions/potion_t2_7"
                }
            },
            {
                "threshold": 218,
                "model": {
                    "type": "model",
                    "model": "minecraft:item/potions/potion_t2_8"
                }
            },
            {
                "threshold": 219,
                "model": {
                    "type": "model",
                    "model": "minecraft:item/potions/potion_t2_9"
                }
            },
            {
                "threshold": 220,
                "model": {
                    "type": "model",
                    "model": "minecraft:item/potions/potion_t2_bottle"
                }
            },
            {
                "threshold": 221,
                "model": {
                    "type": "model",
                    "model": "minecraft:item/potions/potion_t3_1"
                }
            },
            {
                "threshold": 222,
                "model": {
                    "type": "model",
                    "model": "minecraft:item/potions/potion_t3_2"
                }
            },
            {
                "threshold": 223,
                "model": {
                    "type": "model",
                    "model": "minecraft:item/potions/potion_t3_3"
                }
            },
            {
                "threshold": 224,
                "model": {
                    "type": "model",
                    "model": "minecraft:item/potions/potion_t3_4"
                }
            },
            {
                "threshold": 225,
                "model": {
                    "type": "model",
                    "model": "minecraft:item/potions/potion_t3_5"
                }
            },
            {
                "threshold": 226,
                "model": {
                    "type": "model",
                    "model": "minecraft:item/potions/potion_t3_6"
                }
            },
            {
                "threshold": 227,
                "model": {
                    "type": "model",
                    "model": "minecraft:item/potions/potion_t3_7"
                }
            },
            {
                "threshold": 228,
                "model": {
                    "type": "model",
                    "model": "minecraft:item/potions/potion_t3_8"
                }
            },
            {
                "threshold": 229,
                "model": {
                    "type": "model",
                    "model": "minecraft:item/potions/potion_t3_9"
                }
            },
            {
                "threshold": 230,
                "model": {
                    "type": "model",
                    "model": "minecraft:item/potions/potion_t3_bottle"
                }
            },
            {
                "threshold": 231,
                "model": {
                    "type": "model",
                    "model": "minecraft:item/potions/potion_t4_1"
                }
            },
            {
                "threshold": 232,
                "model": {
                    "type": "model",
                    "model": "minecraft:item/potions/potion_t4_2"
                }
            },
            {
                "threshold": 233,
                "model": {
                    "type": "model",
                    "model": "minecraft:item/potions/potion_t4_3"
                }
            },
            {
                "threshold": 234,
                "model": {
                    "type": "model",
                    "model": "minecraft:item/potions/potion_t4_4"
                }
            },
            {
                "threshold": 235,
                "model": {
                    "type": "model",
                    "model": "minecraft:item/potions/potion_t4_5"
                }
            },
            {
                "threshold": 236,
                "model": {
                    "type": "model",
                    "model": "minecraft:item/potions/potion_t4_6"
                }
            },
            {
                "threshold": 237,
                "model": {
                    "type": "model",
                    "model": "minecraft:item/potions/potion_t4_7"
                }
            },
            {
                "threshold": 238,
                "model": {
                    "type": "model",
                    "model": "minecraft:item/potions/potion_t4_8"
                }
            },
            {
                "threshold": 239,
                "model": {
                    "type": "model",
                    "model": "minecraft:item/potions/potion_t4_9"
                }
            },
            {
                "threshold": 240,
                "model": {
                    "type": "model",
                    "model": "minecraft:item/potions/potion_t4_bottle"
                }
            },
            {
                "threshold": 241,
                "model": {
                    "type": "model",
                    "model": "minecraft:item/potions/potion_t5_1"
                }
            },
            {
                "threshold": 242,
                "model": {
                    "type": "model",
                    "model": "minecraft:item/potions/potion_t5_2"
                }
            },
            {
                "threshold": 243,
                "model": {
                    "type": "model",
                    "model": "minecraft:item/potions/potion_t5_3"
                }
            },
            {
                "threshold": 244,
                "model": {
                    "type": "model",
                    "model": "minecraft:item/potions/potion_t5_4"
                }
            },
            {
                "threshold": 245,
                "model": {
                    "type": "model",
                    "model": "minecraft:item/potions/potion_t5_5"
                }
            },
            {
                "threshold": 246,
                "model": {
                    "type": "model",
                    "model": "minecraft:item/potions/potion_t5_6"
                }
            },
            {
                "threshold": 247,
                "model": {
                    "type": "model",
                    "model": "minecraft:item/potions/potion_t5_7"
                }
            },
            {
                "threshold": 248,
                "model": {
                    "type": "model",
                    "model": "minecraft:item/potions/potion_t5_8"
                }
            },
            {
                "threshold": 249,
                "model": {
                    "type": "model",
                    "model": "minecraft:item/potions/potion_t5_9"
                }
            },
            {
                "threshold": 250,
                "model": {
                    "type": "model",
                    "model": "minecraft:item/potions/potion_t5_bottle"
                }
            },
            {
                "threshold": 251,
                "model": {
                    "type": "model",
                    "model": "minecraft:item/potions/potion_t6_1"
                }
            },
            {
                "threshold": 252,
                "model": {
                    "type": "model",
                    "model": "minecraft:item/potions/potion_t6_2"
                }
            },
            {
                "threshold": 253,
                "model": {
                    "type": "model",
                    "model": "minecraft:item/potions/potion_t6_3"
                }
            },
            {
                "threshold": 254,
                "model": {
                    "type": "model",
                    "model": "minecraft:item/potions/potion_t6_bottle"
                }
            },
            {
                "threshold": 255,
                "model": {
                    "type": "model",
                    "model": "minecraft:item/potions/potion_t7_1"
                }
            },
            {
                "threshold": 256,
                "model": {
                    "type": "model",
                    "model": "minecraft:item/potions/potion_t7_2"
                }
            },
            {
                "threshold": 257,
                "model": {
                    "type": "model",
                    "model": "minecraft:item/potions/potion_t7_3"
                }
            },
            {
                "threshold": 258,
                "model": {
                    "type": "model",
                    "model": "minecraft:item/potions/potion_t7_bottle"
                }
            }
        ]
    }
}