{
    "model": {
        "type": "range_dispatch",
        "property": "custom_model_data",
        "fallback": {
            "type": "model",
            "model": "minecraft:item/scute"
        },
        "entries": [
            {
                "threshold": 1,
                "model": {
                    "type": "model",
                    "model": "minecraft:item/extra/extra534"
                }
            },
            {
                "threshold": 2,
                "model": {
                    "type": "model",
                    "model": "minecraft:item/extra/extra556"
                }
            },
            {
                "threshold": 3,
                "model": {
                    "type": "model",
                    "model": "minecraft:item/extra/extra733"
                }
            },
            {
                "threshold": 4,
                "model": {
                    "type": "model",
                    "model": "minecraft:item/extra/extra763"
                }
            },
            {
                "threshold": 5,
                "model": {
                    "type": "model",
                    "model": "minecraft:item/extra/extra546"
                }
            },
            {
                "threshold": 6,
                "model": {
                    "type": "model",
                    "model": "minecraft:item/extra/extra596"
                }
            },
            {
                "threshold": 7,
                "model": {
                    "type": "model",
                    "model": "minecraft:item/extra/extra723"
                }
            },
            {
                "threshold": 8,
                "model": {
                    "type": "model",
                    "model": "minecraft:item/extra/extra747"
                }
            },
            {
                "threshold": 9,
                "model": {
                    "type": "model",
                    "model": "minecraft:item/extra/extra693"
                }
            },
            {
                "threshold": 10,
                "model": {
                    "type": "model",
                    "model": "minecraft:item/extra/extra703"
                }
            },
            {
                "threshold": 11,
                "model": {
                    "type": "model",
                    "model": "minecraft:item/extra/extra713"
                }
            },
            {
                "threshold": 12,
                "model": {
                    "type": "model",
                    "model": "minecraft:item/extra/extra753"
                }
            },
            {
                "threshold": 13,
                "model": {
                    "type": "model",
                    "model": "minecraft:item/extra/extra523"
                }
            },
            {
                "threshold": 14,
                "model": {
                    "type": "model",
                    "model": "minecraft:item/extra/extra575"
                }
            },
            {
                "threshold": 15,
                "model": {
                    "type": "model",
                    "model": "minecraft:item/extra/extra585"
                }
            },
            {
                "threshold": 16,
                "model": {
                    "type": "model",
                    "model": "minecraft:item/extra/extra683"
                }
            },
            {
                "threshold": 17,
                "model": {
                    "type": "model",
                    "model": "minecraft:item/extra/extra566"
                }
            }
        ]
    }
}