{
    "model": {
        "type": "range_dispatch",
        "property": "custom_model_data",
        "fallback": {
            "type": "model",
            "model": "minecraft:item/shears"
        },
        "entries": [
            {
                "threshold": 1,
                "model": {
                    "type": "model",
                    "model": "minecraft:item/extra/extra389"
                }
            },
            {
                "threshold": 2,
                "model": {
                    "type": "model",
                    "model": "minecraft:item/extra/extra390"
                }
            },
            {
                "threshold": 3,
                "model": {
                    "type": "model",
                    "model": "minecraft:item/extra/extra391"
                }
            },
            {
                "threshold": 4,
                "model": {
                    "type": "model",
                    "model": "minecraft:item/extra/extra392"
                }
            },
            {
                "threshold": 5,
                "model": {
                    "type": "model",
                    "model": "minecraft:item/extra/extra393"
                }
            },
            {
                "threshold": 6,
                "model": {
                    "type": "model",
                    "model": "minecraft:item/extra/extra394"
                }
            },
            {
                "threshold": 7,
                "model": {
                    "type": "model",
                    "model": "minecraft:item/extra/extra395"
                }
            },
            {
                "threshold": 8,
                "model": {
                    "type": "model",
                    "model": "minecraft:item/extra/extra396"
                }
            },
            {
                "threshold": 9,
                "model": {
                    "type": "model",
                    "model": "minecraft:item/extra/extra397"
                }
            },
            {
                "threshold": 10,
                "model": {
                    "type": "model",
                    "model": "minecraft:item/extra/extra398"
                }
            },
            {
                "threshold": 11,
                "model": {
                    "type": "model",
                    "model": "minecraft:item/extra/extra399"
                }
            },
            {
                "threshold": 12,
                "model": {
                    "type": "model",
                    "model": "minecraft:item/extra/extra400"
                }
            },
            {
                "threshold": 13,
                "model": {
                    "type": "model",
                    "model": "minecraft:item/extra/extra401"
                }
            },
            {
                "threshold": 14,
                "model": {
                    "type": "model",
                    "model": "minecraft:item/extra/extra402"
                }
            },
            {
                "threshold": 15,
                "model": {
                    "type": "model",
                    "model": "minecraft:item/extra/extra403"
                }
            },
            {
                "threshold": 16,
                "model": {
                    "type": "model",
                    "model": "minecraft:item/extra/extra404"
                }
            },
            {
                "threshold": 17,
                "model": {
                    "type": "model",
                    "model": "minecraft:item/extra/extra405"
                }
            },
            {
                "threshold": 18,
                "model": {
                    "type": "model",
                    "model": "minecraft:item/extra/extra406"
                }
            },
            {
                "threshold": 19,
                "model": {
                    "type": "model",
                    "model": "minecraft:item/extra/extra407"
                }
            },
            {
                "threshold": 20,
                "model": {
                    "type": "model",
                    "model": "minecraft:item/extra/extra408"
                }
            },
            {
                "threshold": 21,
                "model": {
                    "type": "model",
                    "model": "minecraft:item/extra/extra409"
                }
            },
            {
                "threshold": 22,
                "model": {
                    "type": "model",
                    "model": "minecraft:item/extra/extra410"
                }
            },
            {
                "threshold": 23,
                "model": {
                    "type": "model",
                    "model": "minecraft:item/extra/extra411"
                }
            },
            {
                "threshold": 24,
                "model": {
                    "type": "model",
                    "model": "minecraft:item/extra/extra412"
                }
            },
            {
                "threshold": 25,
                "model": {
                    "type": "model",
                    "model": "minecraft:item/extra/extra413"
                }
            },
            {
                "threshold": 26,
                "model": {
                    "type": "model",
                    "model": "minecraft:item/extra/extra414"
                }
            },
            {
                "threshold": 27,
                "model": {
                    "type": "model",
                    "model": "minecraft:item/extra/extra415"
                }
            },
            {
                "threshold": 28,
                "model": {
                    "type": "model",
                    "model": "minecraft:item/extra/extra416"
                }
            },
            {
                "threshold": 29,
                "model": {
                    "type": "model",
                    "model": "minecraft:item/extra/extra417"
                }
            },
            {
                "threshold": 30,
                "model": {
                    "type": "model",
                    "model": "minecraft:item/extra/extra418"
                }
            },
            {
                "threshold": 31,
                "model": {
                    "type": "model",
                    "model": "minecraft:item/extra/extra419"
                }
            },
            {
                "threshold": 32,
                "model": {
                    "type": "model",
                    "model": "minecraft:item/extra/extra420"
                }
            },
            {
                "threshold": 33,
                "model": {
                    "type": "model",
                    "model": "minecraft:item/extra/extra421"
                }
            },
            {
                "threshold": 34,
                "model": {
                    "type": "model",
                    "model": "minecraft:item/extra/extra422"
                }
            },
            {
                "threshold": 35,
                "model": {
                    "type": "model",
                    "model": "minecraft:item/extra/extra423"
                }
            },
            {
                "threshold": 36,
                "model": {
                    "type": "model",
                    "model": "minecraft:item/extra/extra424"
                }
            },
            {
                "threshold": 37,
                "model": {
                    "type": "model",
                    "model": "minecraft:item/extra/extra425"
                }
            },
            {
                "threshold": 38,
                "model": {
                    "type": "model",
                    "model": "minecraft:item/extra/extra426"
                }
            },
            {
                "threshold": 39,
                "model": {
                    "type": "model",
                    "model": "minecraft:item/extra/extra427"
                }
            },
            {
                "threshold": 40,
                "model": {
                    "type": "model",
                    "model": "minecraft:item/extra/extra83"
                }
            },
            {
                "threshold": 41,
                "model": {
                    "type": "model",
                    "model": "minecraft:item/minor_accessories/azriel_amulet"
                }
            },
            {
                "threshold": 42,
                "model": {
                    "type": "model",
                    "model": "minecraft:item/minor_accessories/azriel_earring"
                }
            },
            {
                "threshold": 43,
                "model": {
                    "type": "model",
                    "model": "minecraft:item/minor_accessories/azriel_pendant"
                }
            },
            {
                "threshold": 44,
                "model": {
                    "type": "model",
                    "model": "minecraft:item/minor_accessories/azriel_ring"
                }
            },
            {
                "threshold": 45,
                "model": {
                    "type": "model",
                    "model": "minecraft:item/minor_accessories/malus_amulet"
                }
            },
            {
                "threshold": 46,
                "model": {
                    "type": "model",
                    "model": "minecraft:item/minor_accessories/malus_earring"
                }
            },
            {
                "threshold": 47,
                "model": {
                    "type": "model",
                    "model": "minecraft:item/minor_accessories/malus_pendant"
                }
            },
            {
                "threshold": 48,
                "model": {
                    "type": "model",
                    "model": "minecraft:item/minor_accessories/malus_ring"
                }
            },
            {
                "threshold": 49,
                "model": {
                    "type": "model",
                    "model": "minecraft:item/minor_accessories/serena_amulet"
                }
            },
            {
                "threshold": 50,
                "model": {
                    "type": "model",
                    "model": "minecraft:item/minor_accessories/serena_earring"
                }
            },
            {
                "threshold": 51,
                "model": {
                    "type": "model",
                    "model": "minecraft:item/minor_accessories/serena_pendant"
                }
            },
            {
                "threshold": 52,
                "model": {
                    "type": "model",
                    "model": "minecraft:item/minor_accessories/serena_ring"
                }
            },
            {
                "threshold": 53,
                "model": {
                    "type": "model",
                    "model": "minecraft:item/minor_accessories/sylvanus_amulet"
                }
            },
            {
                "threshold": 54,
                "model": {
                    "type": "model",
                    "model": "minecraft:item/minor_accessories/sylvanus_earring"
                }
            },
            {
                "threshold": 55,
                "model": {
                    "type": "model",
                    "model": "minecraft:item/minor_accessories/sylvanus_pendant"
                }
            },
            {
                "threshold": 56,
                "model": {
                    "type": "model",
                    "model": "minecraft:item/minor_accessories/sylvanus_ring"
                }
            }
        ]
    }
}