{
    "model": {
        "type": "range_dispatch",
        "property": "custom_model_data",
        "fallback": {
            "type": "model",
            "model": "minecraft:item/stone_hoe"
        },
        "entries": [
            {
                "threshold": 1,
                "model": {
                    "type": "model",
                    "model": "minecraft:item/extra/extra544"
                }
            },
            {
                "threshold": 2,
                "model": {
                    "type": "model",
                    "model": "minecraft:item/extra/extra594"
                }
            },
            {
                "threshold": 3,
                "model": {
                    "type": "model",
                    "model": "minecraft:item/extra/extra721"
                }
            },
            {
                "threshold": 4,
                "model": {
                    "type": "model",
                    "model": "minecraft:item/extra/extra741"
                }
            }
        ]
    }
}