{
    "parent": "item/generated",
    "textures": {
        "layer0": "minecraft:item/extra/extra556"
    },
    "display": {
        "thirdperson_lefthand": {
            "rotation": [ 0, 90, 0 ],
            "translation": [ 2.6, -2, 3.8 ],
            "scale": [ 1, 1, 1 ]
        },
        "firstperson_lefthand": {
            "rotation": [ 0, 180, 5 ],
            "translation": [ 9.5, -6, -5 ],
            "scale": [ 1.25, 1.25, 1.25 ]
        },
        "fixed": {
            "rotation": [ 0, 180, 0 ],
            "translation": [ -4.5, 4.5, -5],
            "scale":[ 0.55, 0.55, 0.55]
        },
        "ground": {
            "rotation": [ 0, 0, 0 ],
            "translation": [ 0, 1.95, 0],
            "scale":[ 0.5, 0.5, 0.5]
        }
    },
    "overrides": [
        {
            "predicate": {
                "blocking": 1
            },
            "model": "item/shield_blocking"
        }
    ]
}
