{
    "model": {
        "type": "range_dispatch",
        "property": "custom_model_data",
        "fallback": {
            "type": "model",
            "model": "minecraft:item/wooden_shovel"
        },
        "entries": [
            {
                "threshold": 1,
                "model": {
                    "type": "model",
                    "model": "minecraft:item/extra/extra529"
                }
            },
            {
                "threshold": 2,
                "model": {
                    "type": "model",
                    "model": "minecraft:item/extra/extra553"
                }
            },
            {
                "threshold": 3,
                "model": {
                    "type": "model",
                    "model": "minecraft:item/extra/extra730"
                }
            },
            {
                "threshold": 4,
                "model": {
                    "type": "model",
                    "model": "minecraft:item/extra/extra760"
                }
            }
        ]
    }
}