{
    "model": {
        "type": "range_dispatch",
        "property": "custom_model_data",
        "fallback": {
            "type": "model",
            "model": "minecraft:item/yellow_dye"
        },
        "entries": [
            {
                "threshold": 1,
                "model": {
                    "type": "model",
                    "model": "minecraft:item/extra/extra533"
                }
            },
            {
                "threshold": 2,
                "model": {
                    "type": "model",
                    "model": "minecraft:item/extra/extra555"
                }
            },
            {
                "threshold": 3,
                "model": {
                    "type": "model",
                    "model": "minecraft:item/extra/extra732"
                }
            },
            {
                "threshold": 4,
                "model": {
                    "type": "model",
                    "model": "minecraft:item/extra/extra762"
                }
            },
            {
                "threshold": 5,
                "model": {
                    "type": "model",
                    "model": "minecraft:item/extra/extra543"
                }
            },
            {
                "threshold": 6,
                "model": {
                    "type": "model",
                    "model": "minecraft:item/extra/extra595"
                }
            },
            {
                "threshold": 7,
                "model": {
                    "type": "model",
                    "model": "minecraft:item/extra/extra722"
                }
            },
            {
                "threshold": 8,
                "model": {
                    "type": "model",
                    "model": "minecraft:item/extra/extra742"
                }
            },
            {
                "threshold": 9,
                "model": {
                    "type": "model",
                    "model": "minecraft:item/extra/extra692"
                }
            },
            {
                "threshold": 10,
                "model": {
                    "type": "model",
                    "model": "minecraft:item/extra/extra702"
                }
            },
            {
                "threshold": 11,
                "model": {
                    "type": "model",
                    "model": "minecraft:item/extra/extra712"
                }
            },
            {
                "threshold": 12,
                "model": {
                    "type": "model",
                    "model": "minecraft:item/extra/extra752"
                }
            },
            {
                "threshold": 13,
                "model": {
                    "type": "model",
                    "model": "minecraft:item/extra/extra522"
                }
            },
            {
                "threshold": 14,
                "model": {
                    "type": "model",
                    "model": "minecraft:item/extra/extra576"
                }
            },
            {
                "threshold": 15,
                "model": {
                    "type": "model",
                    "model": "minecraft:item/extra/extra590"
                }
            },
            {
                "threshold": 16,
                "model": {
                    "type": "model",
                    "model": "minecraft:item/extra/extra682"
                }
            },
            {
                "threshold": 17,
                "model": {
                    "type": "model",
                    "model": "minecraft:item/extra/extra565"
                }
            }
        ]
    }
}