{
    "credit": "Made with Blockbench", 
    "textures": {
        "main": "item/abilities/charged_arrow"
    }, 
    "elements": [
        {
            "from": [ 7.75, 7, 0.5 ], 
            "to":   [ 8.25, 7.5, 16 ], 
            "rotation": { "angle": 0, "axis": "y", "origin": [-0.25, 0, 0] }, 
            "faces": {
                "north": { "uv": [ 0.125, 0.5625, 0.15625, 0.59375 ], "texture": "#main" }, 
                "east":  { "uv": [ 0, 0, 0.96875, 0.03125 ], "texture": "#main" }, 
                "south": { "uv": [ 0.5625, 0.125, 0.59375, 0.15625 ], "texture": "#main" }, 
                "west":  { "uv": [ 0, 0.0625, 0.96875, 0.09375 ], "texture": "#main" }, 
                "up":    { "uv": [ 0.03125, 1.09375, 0, 0.125 ], "texture": "#main" }, 
                "down":  { "uv": [ 0.09375, 0.125, 0.0625, 1.09375 ], "texture": "#main" }
            }
        }, 
        {
            "from": [ 7.25, 7, -1 ], 
            "to":   [ 8.75, 7.5, 0.5 ], 
            "rotation": { "angle": 0, "axis": "z", "origin": [8, 7.25, -1] }, 
            "faces": {
                "north": { "uv": [ 0.375, 0.25, 0.46875, 0.28125 ], "texture": "#main" }, 
                "east":  { "uv": [ 0.5, 0.25, 0.59375, 0.28125 ], "texture": "#main" }, 
                "south": { "uv": [ 0.5, 0.3125, 0.59375, 0.34375 ], "texture": "#main" }, 
                "west":  { "uv": [ 0.5, 0.375, 0.59375, 0.40625 ], "texture": "#main" }, 
                "up":    { "uv": [ 0.40625, 0.53125, 0.3125, 0.4375 ], "texture": "#main" }, 
                "down":  { "uv": [ 0.53125, 0.4375, 0.4375, 0.53125 ], "texture": "#main" }
            }
        }, 
        {
            "from": [ 7.75, 7, -1.5 ], 
            "to":   [ 8.25, 7.5, -1 ], 
            "rotation": { "angle": 0, "axis": "z", "origin": [8, 7.25, -1] }, 
            "faces": {
                "north": { "uv": [ 0.1875, 0.5625, 0.21875, 0.59375 ], "texture": "#main" }, 
                "east":  { "uv": [ 0.5625, 0.1875, 0.59375, 0.21875 ], "texture": "#main" }, 
                "south": { "uv": [ 0.25, 0.5625, 0.28125, 0.59375 ], "texture": "#main" }, 
                "west":  { "uv": [ 0.3125, 0.5625, 0.34375, 0.59375 ], "texture": "#main" }, 
                "up":    { "uv": [ 0.40625, 0.59375, 0.375, 0.5625 ], "texture": "#main" }, 
                "down":  { "uv": [ 0.46875, 0.5625, 0.4375, 0.59375 ], "texture": "#main" }
            }
        }, 
        {
            "from": [ 8, 6, 15 ], 
            "to":   [ 8, 7.5, 18 ], 
            "rotation": { "angle": 45, "axis": "z", "origin": [8, 7.25, 16.5] }, 
            "faces": {
                "north": { "uv": [ 0, 0, 0, 0.09375 ], "texture": "#main" }, 
                "east":  { "uv": [ 0.125, 0.3125, 0.3125, 0.40625 ], "texture": "#main" }, 
                "south": { "uv": [ 0, 0, 0, 0.09375 ], "texture": "#main" }, 
                "west":  { "uv": [ 0.3125, 0.3125, 0.5, 0.40625 ], "texture": "#main" }, 
                "up":    { "uv": [ 0, 0.1875, 0, 0 ], "texture": "#main" }, 
                "down":  { "uv": [ 0, 0, 0, 0.1875 ], "texture": "#main" }
            }
        }, 
        {
            "from": [ 8, 6, 15 ], 
            "to":   [ 8, 7.5, 18 ], 
            "rotation": { "angle": -45, "axis": "z", "origin": [8, 7.25, 16.5] }, 
            "faces": {
                "north": { "uv": [ 0, 0, 0, 0.09375 ], "texture": "#main" }, 
                "east":  { "uv": [ 0.5, 0.3125, 0.3125, 0.40625 ], "texture": "#main" }, 
                "south": { "uv": [ 0, 0, 0, 0.09375 ], "texture": "#main" }, 
                "west":  { "uv": [ 0.3125, 0.3125, 0.125, 0.40625 ], "texture": "#main" }, 
                "up":    { "uv": [ 0, 0.1875, 0, 0 ], "texture": "#main" }, 
                "down":  { "uv": [ 0, 0, 0, 0.1875 ], "texture": "#main" }
            }
        }, 
        {
            "from": [ 8, 7, 15 ], 
            "to":   [ 8, 8.5, 18 ], 
            "rotation": { "angle": 0, "axis": "z", "origin": [8, 7.25, 16.5] }, 
            "faces": {
                "north": { "uv": [ 0, 0, 0, 0.09375 ], "texture": "#main" }, 
                "east":  { "uv": [ 0.375, 0.125, 0.5625, 0.21875 ], "texture": "#main" }, 
                "south": { "uv": [ 0, 0, 0, 0.09375 ], "texture": "#main" }, 
                "west":  { "uv": [ 0.125, 0.4375, 0.3125, 0.53125 ], "texture": "#main" }, 
                "up":    { "uv": [ 0, 0.1875, 0, 0 ], "texture": "#main" }, 
                "down":  { "uv": [ 0, 0, 0, 0.1875 ], "texture": "#main" }
            }
        }, 
        {
            "from": [ 7.5, 6.75, -1.75 ], 
            "to":   [ 8.5, 7.75, -1.75 ], 
            "rotation": { "angle": -45, "axis": "z", "origin": [8, 7.25, -1.75] }, 
            "faces": {
                "north": { "uv": [ 2.4375, 0, 2.5, 0.0625 ], "texture": "#main" }, 
                "east":  { "uv": [ 2, 0, 2, 0.0625 ], "texture": "#main" }, 
                "south": { "uv": [ 2.4375, 0.0625, 2.5, 0.125 ], "texture": "#main" }, 
                "west":  { "uv": [ 2, 0, 2, 0.0625 ], "texture": "#main" }, 
                "up":    { "uv": [ 2.0625, 0, 2, 0 ], "texture": "#main" }, 
                "down":  { "uv": [ 2.0625, 0, 2, 0 ], "texture": "#main" }
            }
        }, 
        {
            "from": [ 7, 6.25, 2 ], 
            "to":   [ 9, 8.25, 2 ], 
            "rotation": { "angle": 45, "axis": "z", "origin": [8, 7.25, 5.66667] }, 
            "faces": {
                "north": { "uv": [ 2.25, 0.375, 2.375, 0.5 ], "rotation":180, "texture": "#main" }, 
                "east":  { "uv": [ 2, 0, 2, 0.125 ], "rotation":180, "texture": "#main" }, 
                "south": { "uv": [ 2.375, 0.375, 2.5, 0.5 ], "rotation":180, "texture": "#main" }, 
                "west":  { "uv": [ 2, 0, 2, 0.125 ], "rotation":180, "texture": "#main" }, 
                "up":    { "uv": [ 2.125, 0, 2, 0 ], "rotation":180, "texture": "#main" }, 
                "down":  { "uv": [ 2.125, 0, 2, 0 ], "rotation":180, "texture": "#main" }
            }
        }, 
        {
            "from": [ 6.5, 5.75, 5.5 ], 
            "to":   [ 9.5, 8.75, 5.5 ], 
            "rotation": { "angle": 0, "axis": "z", "origin": [8, 7.25, 5.66667] }, 
            "faces": {
                "north": { "uv": [ 2.25, 0, 2.4375, 0.1875 ], "rotation":90, "texture": "#main" }, 
                "east":  { "uv": [ 2.1875, 0, 2, 0 ], "rotation":270, "texture": "#main" }, 
                "south": { "uv": [ 2.25, 0.1875, 2.4375, 0.375 ], "rotation":270, "texture": "#main" }, 
                "west":  { "uv": [ 2.1875, 0, 2, 0 ], "rotation":270, "texture": "#main" }, 
                "up":    { "uv": [ 2, 0, 2, 0.1875 ], "rotation":270, "texture": "#main" }, 
                "down":  { "uv": [ 2, 0, 2, 0.1875 ], "rotation":270, "texture": "#main" }
            }
        }, 
        {
            "from": [ 6, 5.25, 9.5 ], 
            "to":   [ 10, 9.25, 9.5 ], 
            "rotation": { "angle": 45, "axis": "z", "origin": [8, 7.25, 5.66667] }, 
            "faces": {
                "north": { "uv": [ 2, 0, 2.25, 0.25 ], "rotation":270, "texture": "#main" }, 
                "east":  { "uv": [ 2.25, 0, 2, 0 ], "rotation":90, "texture": "#main" }, 
                "south": { "uv": [ 2, 0.25, 2.25, 0.5 ], "rotation":90, "texture": "#main" }, 
                "west":  { "uv": [ 2.25, 0, 2, 0 ], "rotation":90, "texture": "#main" }, 
                "up":    { "uv": [ 2, 0, 2, 0.25 ], "rotation":90, "texture": "#main" }, 
                "down":  { "uv": [ 2, 0, 2, 0.25 ], "rotation":90, "texture": "#main" }
            }
        }, 
        {
            "from": [ 6, 5.25, 9.5 ], 
            "to":   [ 10, 9.25, 9.5 ], 
            "rotation": { "angle": 45, "axis": "z", "origin": [8, 7.25, 5.66667] }, 
            "faces": {
                "north": { "uv": [ 2.25, 0.375, 2, 0.625 ], "rotation":270, "texture": "#main" }, 
                "east":  { "uv": [ 2.25, 0, 2, 0 ], "rotation":90, "texture": "#main" }, 
                "south": { "uv": [ 2.25, 0, 2, 0.25 ], "rotation":90, "texture": "#main" }, 
                "west":  { "uv": [ 2.25, 0, 2, 0 ], "rotation":90, "texture": "#main" }, 
                "up":    { "uv": [ 2, 0, 2, 0.25 ], "rotation":90, "texture": "#main" }, 
                "down":  { "uv": [ 2, 0, 2, 0.25 ], "rotation":90, "texture": "#main" }
            }
        }, 
        {
            "from": [ 6.5, 5.75, 5.5 ], 
            "to":   [ 9.5, 8.75, 5.5 ], 
            "rotation": { "angle": 0, "axis": "z", "origin": [8, 7.25, 5.66667] }, 
            "faces": {
                "north": { "uv": [ 2.25, 0.375, 2.4375, 0.1875 ], "rotation":270, "texture": "#main" }, 
                "east":  { "uv": [ 2.1875, 0, 2, 0 ], "rotation":270, "texture": "#main" }, 
                "south": { "uv": [ 2.25, 0.1875, 2.4375, 0 ], "rotation":90, "texture": "#main" }, 
                "west":  { "uv": [ 2.1875, 0, 2, 0 ], "rotation":270, "texture": "#main" }, 
                "up":    { "uv": [ 2, 0, 2, 0.1875 ], "rotation":270, "texture": "#main" }, 
                "down":  { "uv": [ 2, 0, 2, 0.1875 ], "rotation":270, "texture": "#main" }
            }
        }, 
        {
            "from": [ 7, 6.25, 2 ], 
            "to":   [ 9, 8.25, 2 ], 
            "rotation": { "angle": 45, "axis": "z", "origin": [8, 7.25, 5.66667] }, 
            "faces": {
                "north": { "uv": [ 2.25, 0.375, 2.375, 0.25 ], "texture": "#main" }, 
                "east":  { "uv": [ 2, 0, 2, 0.125 ], "rotation":180, "texture": "#main" }, 
                "south": { "uv": [ 2.25, 0.5, 2.375, 0.375 ], "texture": "#main" }, 
                "west":  { "uv": [ 2, 0, 2, 0.125 ], "rotation":180, "texture": "#main" }, 
                "up":    { "uv": [ 2.125, 0, 2, 0 ], "rotation":180, "texture": "#main" }, 
                "down":  { "uv": [ 2.125, 0, 2, 0 ], "rotation":180, "texture": "#main" }
            }
        }, 
        {
            "from": [ 7.75, 7, 0.5 ], 
            "to":   [ 8.25, 7.5, 16 ], 
            "rotation": { "angle": 0, "axis": "y", "origin": [-0.25, 0, 0] }, 
            "faces": {
                "north": { "uv": [ 4.125, 0.5625, 4.15625, 0.59375 ], "texture": "#main" }, 
                "east":  { "uv": [ 4, 0, 4.96875, 0.03125 ], "texture": "#main" }, 
                "south": { "uv": [ 4.5625, 0.125, 4.59375, 0.15625 ], "texture": "#main" }, 
                "west":  { "uv": [ 4, 0.0625, 4.96875, 0.09375 ], "texture": "#main" }, 
                "up":    { "uv": [ 4.03125, 1.09375, 4, 0.125 ], "texture": "#main" }, 
                "down":  { "uv": [ 4.09375, 0.125, 4.0625, 1.09375 ], "texture": "#main" }
            }
        }, 
        {
            "from": [ 7.25, 7, -1 ], 
            "to":   [ 8.75, 7.5, 0.5 ], 
            "rotation": { "angle": 0, "axis": "z", "origin": [8, 7.25, -1] }, 
            "faces": {
                "north": { "uv": [ 4.375, 0.25, 4.46875, 0.28125 ], "texture": "#main" }, 
                "east":  { "uv": [ 4.5, 0.25, 4.59375, 0.28125 ], "texture": "#main" }, 
                "south": { "uv": [ 4.5, 0.3125, 4.59375, 0.34375 ], "texture": "#main" }, 
                "west":  { "uv": [ 4.5, 0.375, 4.59375, 0.40625 ], "texture": "#main" }, 
                "up":    { "uv": [ 4.40625, 0.53125, 4.3125, 0.4375 ], "texture": "#main" }, 
                "down":  { "uv": [ 4.53125, 0.4375, 4.4375, 0.53125 ], "texture": "#main" }
            }
        }, 
        {
            "from": [ 7.75, 7, -1.5 ], 
            "to":   [ 8.25, 7.5, -1 ], 
            "rotation": { "angle": 0, "axis": "z", "origin": [8, 7.25, -1] }, 
            "faces": {
                "north": { "uv": [ 4.1875, 0.5625, 4.21875, 0.59375 ], "texture": "#main" }, 
                "east":  { "uv": [ 4.5625, 0.1875, 4.59375, 0.21875 ], "texture": "#main" }, 
                "south": { "uv": [ 4.25, 0.5625, 4.28125, 0.59375 ], "texture": "#main" }, 
                "west":  { "uv": [ 4.3125, 0.5625, 4.34375, 0.59375 ], "texture": "#main" }, 
                "up":    { "uv": [ 4.40625, 0.59375, 4.375, 0.5625 ], "texture": "#main" }, 
                "down":  { "uv": [ 4.46875, 0.5625, 4.4375, 0.59375 ], "texture": "#main" }
            }
        }, 
        {
            "from": [ 8, 6, 15 ], 
            "to":   [ 8, 7.5, 18 ], 
            "rotation": { "angle": 45, "axis": "z", "origin": [8, 7.25, 16.5] }, 
            "faces": {
                "north": { "uv": [ 4, 0, 4, 0.09375 ], "texture": "#main" }, 
                "east":  { "uv": [ 4.125, 0.3125, 4.3125, 0.40625 ], "texture": "#main" }, 
                "south": { "uv": [ 4, 0, 4, 0.09375 ], "texture": "#main" }, 
                "west":  { "uv": [ 4.3125, 0.3125, 4.5, 0.40625 ], "texture": "#main" }, 
                "up":    { "uv": [ 4, 0.1875, 4, 0 ], "texture": "#main" }, 
                "down":  { "uv": [ 4, 0, 4, 0.1875 ], "texture": "#main" }
            }
        }, 
        {
            "from": [ 8, 6, 15 ], 
            "to":   [ 8, 7.5, 18 ], 
            "rotation": { "angle": -45, "axis": "z", "origin": [8, 7.25, 16.5] }, 
            "faces": {
                "north": { "uv": [ 4, 0, 4, 0.09375 ], "texture": "#main" }, 
                "east":  { "uv": [ 4.5, 0.3125, 4.3125, 0.40625 ], "texture": "#main" }, 
                "south": { "uv": [ 4, 0, 4, 0.09375 ], "texture": "#main" }, 
                "west":  { "uv": [ 4.3125, 0.3125, 4.125, 0.40625 ], "texture": "#main" }, 
                "up":    { "uv": [ 4, 0.1875, 4, 0 ], "texture": "#main" }, 
                "down":  { "uv": [ 4, 0, 4, 0.1875 ], "texture": "#main" }
            }
        }, 
        {
            "from": [ 8, 7, 15 ], 
            "to":   [ 8, 8.5, 18 ], 
            "rotation": { "angle": 0, "axis": "z", "origin": [8, 7.25, 16.5] }, 
            "faces": {
                "north": { "uv": [ 4, 0, 4, 0.09375 ], "texture": "#main" }, 
                "east":  { "uv": [ 4.375, 0.125, 4.5625, 0.21875 ], "texture": "#main" }, 
                "south": { "uv": [ 4, 0, 4, 0.09375 ], "texture": "#main" }, 
                "west":  { "uv": [ 4.125, 0.4375, 4.3125, 0.53125 ], "texture": "#main" }, 
                "up":    { "uv": [ 4, 0.1875, 4, 0 ], "texture": "#main" }, 
                "down":  { "uv": [ 4, 0, 4, 0.1875 ], "texture": "#main" }
            }
        }, 
        {
            "from": [ 7.5, 6.75, -1.75 ], 
            "to":   [ 8.5, 7.75, -1.75 ], 
            "rotation": { "angle": -45, "axis": "z", "origin": [8, 7.25, -1.75] }, 
            "faces": {
                "north": { "uv": [ 6.4375, 0, 6.5, 0.0625 ], "texture": "#main" }, 
                "east":  { "uv": [ 6, 0, 6, 0.0625 ], "texture": "#main" }, 
                "south": { "uv": [ 6.4375, 0.0625, 6.5, 0.125 ], "texture": "#main" }, 
                "west":  { "uv": [ 6, 0, 6, 0.0625 ], "texture": "#main" }, 
                "up":    { "uv": [ 6.0625, 0, 6, 0 ], "texture": "#main" }, 
                "down":  { "uv": [ 6.0625, 0, 6, 0 ], "texture": "#main" }
            }
        }, 
        {
            "from": [ 7, 6.25, 2 ], 
            "to":   [ 9, 8.25, 2 ], 
            "rotation": { "angle": 0, "axis": "z", "origin": [8, 7.25, 5.66667] }, 
            "faces": {
                "north": { "uv": [ 6.25, 0.375, 6.375, 0.5 ], "rotation":270, "texture": "#main" }, 
                "east":  { "uv": [ 6.125, 0, 6, 0 ], "rotation":90, "texture": "#main" }, 
                "south": { "uv": [ 6.375, 0.375, 6.5, 0.5 ], "rotation":90, "texture": "#main" }, 
                "west":  { "uv": [ 6.125, 0, 6, 0 ], "rotation":90, "texture": "#main" }, 
                "up":    { "uv": [ 6, 0, 6, 0.125 ], "rotation":90, "texture": "#main" }, 
                "down":  { "uv": [ 6, 0, 6, 0.125 ], "rotation":90, "texture": "#main" }
            }
        }, 
        {
            "from": [ 6.5, 5.75, 5.5 ], 
            "to":   [ 9.5, 8.75, 5.5 ], 
            "rotation": { "angle": 45, "axis": "z", "origin": [8, 7.25, 5.66667] }, 
            "faces": {
                "north": { "uv": [ 6.25, 0, 6.4375, 0.1875 ], "rotation":90, "texture": "#main" }, 
                "east":  { "uv": [ 6.1875, 0, 6, 0 ], "rotation":270, "texture": "#main" }, 
                "south": { "uv": [ 6.25, 0.1875, 6.4375, 0.375 ], "rotation":270, "texture": "#main" }, 
                "west":  { "uv": [ 6.1875, 0, 6, 0 ], "rotation":270, "texture": "#main" }, 
                "up":    { "uv": [ 6, 0, 6, 0.1875 ], "rotation":270, "texture": "#main" }, 
                "down":  { "uv": [ 6, 0, 6, 0.1875 ], "rotation":270, "texture": "#main" }
            }
        }, 
        {
            "from": [ 6, 5.25, 9.5 ], 
            "to":   [ 10, 9.25, 9.5 ], 
            "rotation": { "angle": 0, "axis": "z", "origin": [8, 7.25, 5.66667] }, 
            "faces": {
                "north": { "uv": [ 6, 0, 6.25, 0.25 ], "texture": "#main" }, 
                "east":  { "uv": [ 6, 0, 6, 0.25 ], "texture": "#main" }, 
                "south": { "uv": [ 6, 0.25, 6.25, 0.5 ], "texture": "#main" }, 
                "west":  { "uv": [ 6, 0, 6, 0.25 ], "texture": "#main" }, 
                "up":    { "uv": [ 6.25, 0, 6, 0 ], "texture": "#main" }, 
                "down":  { "uv": [ 6.25, 0, 6, 0 ], "texture": "#main" }
            }
        }, 
        {
            "from": [ 6, 5.25, 9.5 ], 
            "to":   [ 10, 9.25, 9.5 ], 
            "rotation": { "angle": 0, "axis": "z", "origin": [8, 7.25, 5.66667] }, 
            "faces": {
                "north": { "uv": [ 6.25, 0.375, 6, 0.625 ], "texture": "#main" }, 
                "east":  { "uv": [ 6, 0, 6, 0.25 ], "texture": "#main" }, 
                "south": { "uv": [ 6.25, 0, 6, 0.25 ], "texture": "#main" }, 
                "west":  { "uv": [ 6, 0, 6, 0.25 ], "texture": "#main" }, 
                "up":    { "uv": [ 6.25, 0, 6, 0 ], "texture": "#main" }, 
                "down":  { "uv": [ 6.25, 0, 6, 0 ], "texture": "#main" }
            }
        }, 
        {
            "from": [ 6.5, 5.75, 5.5 ], 
            "to":   [ 9.5, 8.75, 5.5 ], 
            "rotation": { "angle": 45, "axis": "z", "origin": [8, 7.25, 5.66667] }, 
            "faces": {
                "north": { "uv": [ 6.25, 0.375, 6.4375, 0.1875 ], "rotation":270, "texture": "#main" }, 
                "east":  { "uv": [ 6.1875, 0, 6, 0 ], "rotation":270, "texture": "#main" }, 
                "south": { "uv": [ 6.25, 0.1875, 6.4375, 0 ], "rotation":90, "texture": "#main" }, 
                "west":  { "uv": [ 6.1875, 0, 6, 0 ], "rotation":270, "texture": "#main" }, 
                "up":    { "uv": [ 6, 0, 6, 0.1875 ], "rotation":270, "texture": "#main" }, 
                "down":  { "uv": [ 6, 0, 6, 0.1875 ], "rotation":270, "texture": "#main" }
            }
        }, 
        {
            "from": [ 7, 6.25, 2 ], 
            "to":   [ 9, 8.25, 2 ], 
            "rotation": { "angle": 0, "axis": "z", "origin": [8, 7.25, 5.66667] }, 
            "faces": {
                "north": { "uv": [ 6.25, 0.375, 6.375, 0.25 ], "rotation":90, "texture": "#main" }, 
                "east":  { "uv": [ 6.125, 0, 6, 0 ], "rotation":90, "texture": "#main" }, 
                "south": { "uv": [ 6.25, 0.5, 6.375, 0.375 ], "rotation":270, "texture": "#main" }, 
                "west":  { "uv": [ 6.125, 0, 6, 0 ], "rotation":90, "texture": "#main" }, 
                "up":    { "uv": [ 6, 0, 6, 0.125 ], "rotation":90, "texture": "#main" }, 
                "down":  { "uv": [ 6, 0, 6, 0.125 ], "rotation":90, "texture": "#main" }
            }
        }, 
        {
            "from": [ 7.75, 7, 0.5 ], 
            "to":   [ 8.25, 7.5, 16 ], 
            "rotation": { "angle": 0, "axis": "y", "origin": [-0.25, 0, 0] }, 
            "faces": {
                "north": { "uv": [ 8.125, 0.5625, 8.15625, 0.59375 ], "texture": "#main" }, 
                "east":  { "uv": [ 8, 0, 8.96875, 0.03125 ], "texture": "#main" }, 
                "south": { "uv": [ 8.5625, 0.125, 8.59375, 0.15625 ], "texture": "#main" }, 
                "west":  { "uv": [ 8, 0.0625, 8.96875, 0.09375 ], "texture": "#main" }, 
                "up":    { "uv": [ 8.03125, 1.09375, 8, 0.125 ], "texture": "#main" }, 
                "down":  { "uv": [ 8.09375, 0.125, 8.0625, 1.09375 ], "texture": "#main" }
            }
        }, 
        {
            "from": [ 7.25, 7, -1 ], 
            "to":   [ 8.75, 7.5, 0.5 ], 
            "rotation": { "angle": 0, "axis": "z", "origin": [8, 7.25, -1] }, 
            "faces": {
                "north": { "uv": [ 8.375, 0.25, 8.46875, 0.28125 ], "texture": "#main" }, 
                "east":  { "uv": [ 8.5, 0.25, 8.59375, 0.28125 ], "texture": "#main" }, 
                "south": { "uv": [ 8.5, 0.3125, 8.59375, 0.34375 ], "texture": "#main" }, 
                "west":  { "uv": [ 8.5, 0.375, 8.59375, 0.40625 ], "texture": "#main" }, 
                "up":    { "uv": [ 8.40625, 0.53125, 8.3125, 0.4375 ], "texture": "#main" }, 
                "down":  { "uv": [ 8.53125, 0.4375, 8.4375, 0.53125 ], "texture": "#main" }
            }
        }, 
        {
            "from": [ 7.75, 7, -1.5 ], 
            "to":   [ 8.25, 7.5, -1 ], 
            "rotation": { "angle": 0, "axis": "z", "origin": [8, 7.25, -1] }, 
            "faces": {
                "north": { "uv": [ 8.1875, 0.5625, 8.21875, 0.59375 ], "texture": "#main" }, 
                "east":  { "uv": [ 8.5625, 0.1875, 8.59375, 0.21875 ], "texture": "#main" }, 
                "south": { "uv": [ 8.25, 0.5625, 8.28125, 0.59375 ], "texture": "#main" }, 
                "west":  { "uv": [ 8.3125, 0.5625, 8.34375, 0.59375 ], "texture": "#main" }, 
                "up":    { "uv": [ 8.40625, 0.59375, 8.375, 0.5625 ], "texture": "#main" }, 
                "down":  { "uv": [ 8.46875, 0.5625, 8.4375, 0.59375 ], "texture": "#main" }
            }
        }, 
        {
            "from": [ 8, 6, 15 ], 
            "to":   [ 8, 7.5, 18 ], 
            "rotation": { "angle": 45, "axis": "z", "origin": [8, 7.25, 16.5] }, 
            "faces": {
                "north": { "uv": [ 8, 0, 8, 0.09375 ], "texture": "#main" }, 
                "east":  { "uv": [ 8.125, 0.3125, 8.3125, 0.40625 ], "texture": "#main" }, 
                "south": { "uv": [ 8, 0, 8, 0.09375 ], "texture": "#main" }, 
                "west":  { "uv": [ 8.3125, 0.3125, 8.5, 0.40625 ], "texture": "#main" }, 
                "up":    { "uv": [ 8, 0.1875, 8, 0 ], "texture": "#main" }, 
                "down":  { "uv": [ 8, 0, 8, 0.1875 ], "texture": "#main" }
            }
        }, 
        {
            "from": [ 8, 6, 15 ], 
            "to":   [ 8, 7.5, 18 ], 
            "rotation": { "angle": -45, "axis": "z", "origin": [8, 7.25, 16.5] }, 
            "faces": {
                "north": { "uv": [ 8, 0, 8, 0.09375 ], "texture": "#main" }, 
                "east":  { "uv": [ 8.5, 0.3125, 8.3125, 0.40625 ], "texture": "#main" }, 
                "south": { "uv": [ 8, 0, 8, 0.09375 ], "texture": "#main" }, 
                "west":  { "uv": [ 8.3125, 0.3125, 8.125, 0.40625 ], "texture": "#main" }, 
                "up":    { "uv": [ 8, 0.1875, 8, 0 ], "texture": "#main" }, 
                "down":  { "uv": [ 8, 0, 8, 0.1875 ], "texture": "#main" }
            }
        }, 
        {
            "from": [ 8, 7, 15 ], 
            "to":   [ 8, 8.5, 18 ], 
            "rotation": { "angle": 0, "axis": "z", "origin": [8, 7.25, 16.5] }, 
            "faces": {
                "north": { "uv": [ 8, 0, 8, 0.09375 ], "texture": "#main" }, 
                "east":  { "uv": [ 8.375, 0.125, 8.5625, 0.21875 ], "texture": "#main" }, 
                "south": { "uv": [ 8, 0, 8, 0.09375 ], "texture": "#main" }, 
                "west":  { "uv": [ 8.125, 0.4375, 8.3125, 0.53125 ], "texture": "#main" }, 
                "up":    { "uv": [ 8, 0.1875, 8, 0 ], "texture": "#main" }, 
                "down":  { "uv": [ 8, 0, 8, 0.1875 ], "texture": "#main" }
            }
        }, 
        {
            "from": [ 7.5, 6.75, -1.75 ], 
            "to":   [ 8.5, 7.75, -1.75 ], 
            "rotation": { "angle": -45, "axis": "z", "origin": [8, 7.25, -1.75] }, 
            "faces": {
                "north": { "uv": [ 10.4375, 0, 10.5, 0.0625 ], "texture": "#main" }, 
                "east":  { "uv": [ 10, 0, 10, 0.0625 ], "texture": "#main" }, 
                "south": { "uv": [ 10.4375, 0.0625, 10.5, 0.125 ], "texture": "#main" }, 
                "west":  { "uv": [ 10, 0, 10, 0.0625 ], "texture": "#main" }, 
                "up":    { "uv": [ 10.0625, 0, 10, 0 ], "texture": "#main" }, 
                "down":  { "uv": [ 10.0625, 0, 10, 0 ], "texture": "#main" }
            }
        }, 
        {
            "from": [ 7, 6.25, 2 ], 
            "to":   [ 9, 8.25, 2 ], 
            "rotation": { "angle": 45, "axis": "z", "origin": [8, 7.25, 5.66667] }, 
            "faces": {
                "north": { "uv": [ 10.25, 0.375, 10.375, 0.5 ], "rotation":270, "texture": "#main" }, 
                "east":  { "uv": [ 10.125, 0, 10, 0 ], "rotation":90, "texture": "#main" }, 
                "south": { "uv": [ 10.375, 0.375, 10.5, 0.5 ], "rotation":90, "texture": "#main" }, 
                "west":  { "uv": [ 10.125, 0, 10, 0 ], "rotation":90, "texture": "#main" }, 
                "up":    { "uv": [ 10, 0, 10, 0.125 ], "rotation":90, "texture": "#main" }, 
                "down":  { "uv": [ 10, 0, 10, 0.125 ], "rotation":90, "texture": "#main" }
            }
        }, 
        {
            "from": [ 6.5, 5.75, 5.5 ], 
            "to":   [ 9.5, 8.75, 5.5 ], 
            "rotation": { "angle": 0, "axis": "z", "origin": [8, 7.25, 5.66667] }, 
            "faces": {
                "north": { "uv": [ 10.25, 0, 10.4375, 0.1875 ], "rotation":180, "texture": "#main" }, 
                "east":  { "uv": [ 10, 0, 10, 0.1875 ], "rotation":180, "texture": "#main" }, 
                "south": { "uv": [ 10.25, 0.1875, 10.4375, 0.375 ], "rotation":180, "texture": "#main" }, 
                "west":  { "uv": [ 10, 0, 10, 0.1875 ], "rotation":180, "texture": "#main" }, 
                "up":    { "uv": [ 10.1875, 0, 10, 0 ], "rotation":180, "texture": "#main" }, 
                "down":  { "uv": [ 10.1875, 0, 10, 0 ], "rotation":180, "texture": "#main" }
            }
        }, 
        {
            "from": [ 6, 5.25, 9.5 ], 
            "to":   [ 10, 9.25, 9.5 ], 
            "rotation": { "angle": 45, "axis": "z", "origin": [8, 7.25, 5.66667] }, 
            "faces": {
                "north": { "uv": [ 10, 0, 10.25, 0.25 ], "texture": "#main" }, 
                "east":  { "uv": [ 10, 0, 10, 0.25 ], "texture": "#main" }, 
                "south": { "uv": [ 10, 0.25, 10.25, 0.5 ], "texture": "#main" }, 
                "west":  { "uv": [ 10, 0, 10, 0.25 ], "texture": "#main" }, 
                "up":    { "uv": [ 10.25, 0, 10, 0 ], "texture": "#main" }, 
                "down":  { "uv": [ 10.25, 0, 10, 0 ], "texture": "#main" }
            }
        }, 
        {
            "from": [ 6, 5.25, 9.5 ], 
            "to":   [ 10, 9.25, 9.5 ], 
            "rotation": { "angle": 45, "axis": "z", "origin": [8, 7.25, 5.66667] }, 
            "faces": {
                "north": { "uv": [ 10.25, 0.375, 10, 0.625 ], "texture": "#main" }, 
                "east":  { "uv": [ 10, 0, 10, 0.25 ], "texture": "#main" }, 
                "south": { "uv": [ 10.25, 0, 10, 0.25 ], "texture": "#main" }, 
                "west":  { "uv": [ 10, 0, 10, 0.25 ], "texture": "#main" }, 
                "up":    { "uv": [ 10.25, 0, 10, 0 ], "texture": "#main" }, 
                "down":  { "uv": [ 10.25, 0, 10, 0 ], "texture": "#main" }
            }
        }, 
        {
            "from": [ 6.5, 5.75, 5.5 ], 
            "to":   [ 9.5, 8.75, 5.5 ], 
            "rotation": { "angle": 0, "axis": "z", "origin": [8, 7.25, 5.66667] }, 
            "faces": {
                "north": { "uv": [ 10.25, 0.375, 10.4375, 0.1875 ], "texture": "#main" }, 
                "east":  { "uv": [ 10, 0, 10, 0.1875 ], "rotation":180, "texture": "#main" }, 
                "south": { "uv": [ 10.25, 0.1875, 10.4375, 0 ], "texture": "#main" }, 
                "west":  { "uv": [ 10, 0, 10, 0.1875 ], "rotation":180, "texture": "#main" }, 
                "up":    { "uv": [ 10.1875, 0, 10, 0 ], "rotation":180, "texture": "#main" }, 
                "down":  { "uv": [ 10.1875, 0, 10, 0 ], "rotation":180, "texture": "#main" }
            }
        }, 
        {
            "from": [ 7, 6.25, 2 ], 
            "to":   [ 9, 8.25, 2 ], 
            "rotation": { "angle": 45, "axis": "z", "origin": [8, 7.25, 5.66667] }, 
            "faces": {
                "north": { "uv": [ 10.25, 0.375, 10.375, 0.25 ], "rotation":90, "texture": "#main" }, 
                "east":  { "uv": [ 10.125, 0, 10, 0 ], "rotation":90, "texture": "#main" }, 
                "south": { "uv": [ 10.25, 0.5, 10.375, 0.375 ], "rotation":270, "texture": "#main" }, 
                "west":  { "uv": [ 10.125, 0, 10, 0 ], "rotation":90, "texture": "#main" }, 
                "up":    { "uv": [ 10, 0, 10, 0.125 ], "rotation":90, "texture": "#main" }, 
                "down":  { "uv": [ 10, 0, 10, 0.125 ], "rotation":90, "texture": "#main" }
            }
        }, 
        {
            "from": [ 7.75, 7, 0.5 ], 
            "to":   [ 8.25, 7.5, 16 ], 
            "rotation": { "angle": 0, "axis": "y", "origin": [-0.25, 0, 0] }, 
            "faces": {
                "north": { "uv": [ 12.125, 0.5625, 12.15625, 0.59375 ], "texture": "#main" }, 
                "east":  { "uv": [ 12, 0, 12.96875, 0.03125 ], "texture": "#main" }, 
                "south": { "uv": [ 12.5625, 0.125, 12.59375, 0.15625 ], "texture": "#main" }, 
                "west":  { "uv": [ 12, 0.0625, 12.96875, 0.09375 ], "texture": "#main" }, 
                "up":    { "uv": [ 12.03125, 1.09375, 12, 0.125 ], "texture": "#main" }, 
                "down":  { "uv": [ 12.09375, 0.125, 12.0625, 1.09375 ], "texture": "#main" }
            }
        }, 
        {
            "from": [ 7.25, 7, -1 ], 
            "to":   [ 8.75, 7.5, 0.5 ], 
            "rotation": { "angle": 0, "axis": "z", "origin": [8, 7.25, -1] }, 
            "faces": {
                "north": { "uv": [ 12.375, 0.25, 12.46875, 0.28125 ], "texture": "#main" }, 
                "east":  { "uv": [ 12.5, 0.25, 12.59375, 0.28125 ], "texture": "#main" }, 
                "south": { "uv": [ 12.5, 0.3125, 12.59375, 0.34375 ], "texture": "#main" }, 
                "west":  { "uv": [ 12.5, 0.375, 12.59375, 0.40625 ], "texture": "#main" }, 
                "up":    { "uv": [ 12.40625, 0.53125, 12.3125, 0.4375 ], "texture": "#main" }, 
                "down":  { "uv": [ 12.53125, 0.4375, 12.4375, 0.53125 ], "texture": "#main" }
            }
        }, 
        {
            "from": [ 7.75, 7, -1.5 ], 
            "to":   [ 8.25, 7.5, -1 ], 
            "rotation": { "angle": 0, "axis": "z", "origin": [8, 7.25, -1] }, 
            "faces": {
                "north": { "uv": [ 12.1875, 0.5625, 12.21875, 0.59375 ], "texture": "#main" }, 
                "east":  { "uv": [ 12.5625, 0.1875, 12.59375, 0.21875 ], "texture": "#main" }, 
                "south": { "uv": [ 12.25, 0.5625, 12.28125, 0.59375 ], "texture": "#main" }, 
                "west":  { "uv": [ 12.3125, 0.5625, 12.34375, 0.59375 ], "texture": "#main" }, 
                "up":    { "uv": [ 12.40625, 0.59375, 12.375, 0.5625 ], "texture": "#main" }, 
                "down":  { "uv": [ 12.46875, 0.5625, 12.4375, 0.59375 ], "texture": "#main" }
            }
        }, 
        {
            "from": [ 8, 6, 15 ], 
            "to":   [ 8, 7.5, 18 ], 
            "rotation": { "angle": 45, "axis": "z", "origin": [8, 7.25, 16.5] }, 
            "faces": {
                "north": { "uv": [ 12, 0, 12, 0.09375 ], "texture": "#main" }, 
                "east":  { "uv": [ 12.125, 0.3125, 12.3125, 0.40625 ], "texture": "#main" }, 
                "south": { "uv": [ 12, 0, 12, 0.09375 ], "texture": "#main" }, 
                "west":  { "uv": [ 12.3125, 0.3125, 12.5, 0.40625 ], "texture": "#main" }, 
                "up":    { "uv": [ 12, 0.1875, 12, 0 ], "texture": "#main" }, 
                "down":  { "uv": [ 12, 0, 12, 0.1875 ], "texture": "#main" }
            }
        }, 
        {
            "from": [ 8, 6, 15 ], 
            "to":   [ 8, 7.5, 18 ], 
            "rotation": { "angle": -45, "axis": "z", "origin": [8, 7.25, 16.5] }, 
            "faces": {
                "north": { "uv": [ 12, 0, 12, 0.09375 ], "texture": "#main" }, 
                "east":  { "uv": [ 12.5, 0.3125, 12.3125, 0.40625 ], "texture": "#main" }, 
                "south": { "uv": [ 12, 0, 12, 0.09375 ], "texture": "#main" }, 
                "west":  { "uv": [ 12.3125, 0.3125, 12.125, 0.40625 ], "texture": "#main" }, 
                "up":    { "uv": [ 12, 0.1875, 12, 0 ], "texture": "#main" }, 
                "down":  { "uv": [ 12, 0, 12, 0.1875 ], "texture": "#main" }
            }
        }, 
        {
            "from": [ 8, 7, 15 ], 
            "to":   [ 8, 8.5, 18 ], 
            "rotation": { "angle": 0, "axis": "z", "origin": [8, 7.25, 16.5] }, 
            "faces": {
                "north": { "uv": [ 12, 0, 12, 0.09375 ], "texture": "#main" }, 
                "east":  { "uv": [ 12.375, 0.125, 12.5625, 0.21875 ], "texture": "#main" }, 
                "south": { "uv": [ 12, 0, 12, 0.09375 ], "texture": "#main" }, 
                "west":  { "uv": [ 12.125, 0.4375, 12.3125, 0.53125 ], "texture": "#main" }, 
                "up":    { "uv": [ 12, 0.1875, 12, 0 ], "texture": "#main" }, 
                "down":  { "uv": [ 12, 0, 12, 0.1875 ], "texture": "#main" }
            }
        }, 
        {
            "from": [ 7.5, 6.75, -1.75 ], 
            "to":   [ 8.5, 7.75, -1.75 ], 
            "rotation": { "angle": -45, "axis": "z", "origin": [8, 7.25, -1.75] }, 
            "faces": {
                "north": { "uv": [ 14.4375, 0, 14.5, 0.0625 ], "texture": "#main" }, 
                "east":  { "uv": [ 14, 0, 14, 0.0625 ], "texture": "#main" }, 
                "south": { "uv": [ 14.4375, 0.0625, 14.5, 0.125 ], "texture": "#main" }, 
                "west":  { "uv": [ 14, 0, 14, 0.0625 ], "texture": "#main" }, 
                "up":    { "uv": [ 14.0625, 0, 14, 0 ], "texture": "#main" }, 
                "down":  { "uv": [ 14.0625, 0, 14, 0 ], "texture": "#main" }
            }
        }, 
        {
            "from": [ 7, 6.25, 2 ], 
            "to":   [ 9, 8.25, 2 ], 
            "rotation": { "angle": 0, "axis": "z", "origin": [8, 7.25, 5.66667] }, 
            "faces": {
                "north": { "uv": [ 14.25, 0.375, 14.375, 0.5 ], "texture": "#main" }, 
                "east":  { "uv": [ 14, 0, 14, 0.125 ], "texture": "#main" }, 
                "south": { "uv": [ 14.375, 0.375, 14.5, 0.5 ], "texture": "#main" }, 
                "west":  { "uv": [ 14, 0, 14, 0.125 ], "texture": "#main" }, 
                "up":    { "uv": [ 14.125, 0, 14, 0 ], "texture": "#main" }, 
                "down":  { "uv": [ 14.125, 0, 14, 0 ], "texture": "#main" }
            }
        }, 
        {
            "from": [ 6.5, 5.75, 5.5 ], 
            "to":   [ 9.5, 8.75, 5.5 ], 
            "rotation": { "angle": 45, "axis": "z", "origin": [8, 7.25, 5.66667] }, 
            "faces": {
                "north": { "uv": [ 14.25, 0, 14.4375, 0.1875 ], "rotation":180, "texture": "#main" }, 
                "east":  { "uv": [ 14, 0, 14, 0.1875 ], "rotation":180, "texture": "#main" }, 
                "south": { "uv": [ 14.25, 0.1875, 14.4375, 0.375 ], "rotation":180, "texture": "#main" }, 
                "west":  { "uv": [ 14, 0, 14, 0.1875 ], "rotation":180, "texture": "#main" }, 
                "up":    { "uv": [ 14.1875, 0, 14, 0 ], "rotation":180, "texture": "#main" }, 
                "down":  { "uv": [ 14.1875, 0, 14, 0 ], "rotation":180, "texture": "#main" }
            }
        }, 
        {
            "from": [ 6, 5.25, 9.5 ], 
            "to":   [ 10, 9.25, 9.5 ], 
            "rotation": { "angle": 0, "axis": "z", "origin": [8, 7.25, 5.66667] }, 
            "faces": {
                "north": { "uv": [ 14, 0, 14.25, 0.25 ], "rotation":90, "texture": "#main" }, 
                "east":  { "uv": [ 14.25, 0, 14, 0 ], "rotation":270, "texture": "#main" }, 
                "south": { "uv": [ 14, 0.25, 14.25, 0.5 ], "rotation":270, "texture": "#main" }, 
                "west":  { "uv": [ 14.25, 0, 14, 0 ], "rotation":270, "texture": "#main" }, 
                "up":    { "uv": [ 14, 0, 14, 0.25 ], "rotation":270, "texture": "#main" }, 
                "down":  { "uv": [ 14, 0, 14, 0.25 ], "rotation":270, "texture": "#main" }
            }
        }, 
        {
            "from": [ 6, 5.25, 9.5 ], 
            "to":   [ 10, 9.25, 9.5 ], 
            "rotation": { "angle": 0, "axis": "z", "origin": [8, 7.25, 5.66667] }, 
            "faces": {
                "north": { "uv": [ 14.25, 0.375, 14, 0.625 ], "rotation":90, "texture": "#main" }, 
                "east":  { "uv": [ 14.25, 0, 14, 0 ], "rotation":270, "texture": "#main" }, 
                "south": { "uv": [ 14.25, 0, 14, 0.25 ], "rotation":270, "texture": "#main" }, 
                "west":  { "uv": [ 14.25, 0, 14, 0 ], "rotation":270, "texture": "#main" }, 
                "up":    { "uv": [ 14, 0, 14, 0.25 ], "rotation":270, "texture": "#main" }, 
                "down":  { "uv": [ 14, 0, 14, 0.25 ], "rotation":270, "texture": "#main" }
            }
        }, 
        {
            "from": [ 6.5, 5.75, 5.5 ], 
            "to":   [ 9.5, 8.75, 5.5 ], 
            "rotation": { "angle": 45, "axis": "z", "origin": [8, 7.25, 5.66667] }, 
            "faces": {
                "north": { "uv": [ 14.25, 0.375, 14.4375, 0.1875 ], "texture": "#main" }, 
                "east":  { "uv": [ 14, 0, 14, 0.1875 ], "rotation":180, "texture": "#main" }, 
                "south": { "uv": [ 14.25, 0.1875, 14.4375, 0 ], "texture": "#main" }, 
                "west":  { "uv": [ 14, 0, 14, 0.1875 ], "rotation":180, "texture": "#main" }, 
                "up":    { "uv": [ 14.1875, 0, 14, 0 ], "rotation":180, "texture": "#main" }, 
                "down":  { "uv": [ 14.1875, 0, 14, 0 ], "rotation":180, "texture": "#main" }
            }
        }, 
        {
            "from": [ 7, 6.25, 2 ], 
            "to":   [ 9, 8.25, 2 ], 
            "rotation": { "angle": 0, "axis": "z", "origin": [8, 7.25, 5.66667] }, 
            "faces": {
                "north": { "uv": [ 14.25, 0.375, 14.375, 0.25 ], "rotation":180, "texture": "#main" }, 
                "east":  { "uv": [ 14, 0, 14, 0.125 ], "texture": "#main" }, 
                "south": { "uv": [ 14.25, 0.5, 14.375, 0.375 ], "rotation":180, "texture": "#main" }, 
                "west":  { "uv": [ 14, 0, 14, 0.125 ], "texture": "#main" }, 
                "up":    { "uv": [ 14.125, 0, 14, 0 ], "texture": "#main" }, 
                "down":  { "uv": [ 14.125, 0, 14, 0 ], "texture": "#main" }
            }
        }, 
        {
            "from": [ 7.75, 7, 0.5 ], 
            "to":   [ 8.25, 7.5, 16 ], 
            "rotation": { "angle": 0, "axis": "y", "origin": [-0.25, 0, 0] }, 
            "faces": {
                "north": { "uv": [ 0.125, 4.5625, 0.15625, 4.59375 ], "texture": "#main" }, 
                "east":  { "uv": [ 0, 4, 0.96875, 4.03125 ], "texture": "#main" }, 
                "south": { "uv": [ 0.5625, 4.125, 0.59375, 4.15625 ], "texture": "#main" }, 
                "west":  { "uv": [ 0, 4.0625, 0.96875, 4.09375 ], "texture": "#main" }, 
                "up":    { "uv": [ 0.03125, 5.09375, 0, 4.125 ], "texture": "#main" }, 
                "down":  { "uv": [ 0.09375, 4.125, 0.0625, 5.09375 ], "texture": "#main" }
            }
        }, 
        {
            "from": [ 7.25, 7, -1 ], 
            "to":   [ 8.75, 7.5, 0.5 ], 
            "rotation": { "angle": 0, "axis": "z", "origin": [8, 7.25, -1] }, 
            "faces": {
                "north": { "uv": [ 0.375, 4.25, 0.46875, 4.28125 ], "texture": "#main" }, 
                "east":  { "uv": [ 0.5, 4.25, 0.59375, 4.28125 ], "texture": "#main" }, 
                "south": { "uv": [ 0.5, 4.3125, 0.59375, 4.34375 ], "texture": "#main" }, 
                "west":  { "uv": [ 0.5, 4.375, 0.59375, 4.40625 ], "texture": "#main" }, 
                "up":    { "uv": [ 0.40625, 4.53125, 0.3125, 4.4375 ], "texture": "#main" }, 
                "down":  { "uv": [ 0.53125, 4.4375, 0.4375, 4.53125 ], "texture": "#main" }
            }
        }, 
        {
            "from": [ 7.75, 7, -1.5 ], 
            "to":   [ 8.25, 7.5, -1 ], 
            "rotation": { "angle": 0, "axis": "z", "origin": [8, 7.25, -1] }, 
            "faces": {
                "north": { "uv": [ 0.1875, 4.5625, 0.21875, 4.59375 ], "texture": "#main" }, 
                "east":  { "uv": [ 0.5625, 4.1875, 0.59375, 4.21875 ], "texture": "#main" }, 
                "south": { "uv": [ 0.25, 4.5625, 0.28125, 4.59375 ], "texture": "#main" }, 
                "west":  { "uv": [ 0.3125, 4.5625, 0.34375, 4.59375 ], "texture": "#main" }, 
                "up":    { "uv": [ 0.40625, 4.59375, 0.375, 4.5625 ], "texture": "#main" }, 
                "down":  { "uv": [ 0.46875, 4.5625, 0.4375, 4.59375 ], "texture": "#main" }
            }
        }, 
        {
            "from": [ 8, 6, 15 ], 
            "to":   [ 8, 7.5, 18 ], 
            "rotation": { "angle": 45, "axis": "z", "origin": [8, 7.25, 16.5] }, 
            "faces": {
                "north": { "uv": [ 0, 4, 0, 4.09375 ], "texture": "#main" }, 
                "east":  { "uv": [ 0.125, 4.3125, 0.3125, 4.40625 ], "texture": "#main" }, 
                "south": { "uv": [ 0, 4, 0, 4.09375 ], "texture": "#main" }, 
                "west":  { "uv": [ 0.3125, 4.3125, 0.5, 4.40625 ], "texture": "#main" }, 
                "up":    { "uv": [ 0, 4.1875, 0, 4 ], "texture": "#main" }, 
                "down":  { "uv": [ 0, 4, 0, 4.1875 ], "texture": "#main" }
            }
        }, 
        {
            "from": [ 8, 6, 15 ], 
            "to":   [ 8, 7.5, 18 ], 
            "rotation": { "angle": -45, "axis": "z", "origin": [8, 7.25, 16.5] }, 
            "faces": {
                "north": { "uv": [ 0, 4, 0, 4.09375 ], "texture": "#main" }, 
                "east":  { "uv": [ 0.5, 4.3125, 0.3125, 4.40625 ], "texture": "#main" }, 
                "south": { "uv": [ 0, 4, 0, 4.09375 ], "texture": "#main" }, 
                "west":  { "uv": [ 0.3125, 4.3125, 0.125, 4.40625 ], "texture": "#main" }, 
                "up":    { "uv": [ 0, 4.1875, 0, 4 ], "texture": "#main" }, 
                "down":  { "uv": [ 0, 4, 0, 4.1875 ], "texture": "#main" }
            }
        }, 
        {
            "from": [ 8, 7, 15 ], 
            "to":   [ 8, 8.5, 18 ], 
            "rotation": { "angle": 0, "axis": "z", "origin": [8, 7.25, 16.5] }, 
            "faces": {
                "north": { "uv": [ 0, 4, 0, 4.09375 ], "texture": "#main" }, 
                "east":  { "uv": [ 0.375, 4.125, 0.5625, 4.21875 ], "texture": "#main" }, 
                "south": { "uv": [ 0, 4, 0, 4.09375 ], "texture": "#main" }, 
                "west":  { "uv": [ 0.125, 4.4375, 0.3125, 4.53125 ], "texture": "#main" }, 
                "up":    { "uv": [ 0, 4.1875, 0, 4 ], "texture": "#main" }, 
                "down":  { "uv": [ 0, 4, 0, 4.1875 ], "texture": "#main" }
            }
        }, 
        {
            "from": [ 7.5, 6.75, -1.75 ], 
            "to":   [ 8.5, 7.75, -1.75 ], 
            "rotation": { "angle": -45, "axis": "z", "origin": [8, 7.25, -1.75] }, 
            "faces": {
                "north": { "uv": [ 2.4375, 4, 2.5, 4.0625 ], "texture": "#main" }, 
                "east":  { "uv": [ 2, 4, 2, 4.0625 ], "texture": "#main" }, 
                "south": { "uv": [ 2.4375, 4.0625, 2.5, 4.125 ], "texture": "#main" }, 
                "west":  { "uv": [ 2, 4, 2, 4.0625 ], "texture": "#main" }, 
                "up":    { "uv": [ 2.0625, 4, 2, 4 ], "texture": "#main" }, 
                "down":  { "uv": [ 2.0625, 4, 2, 4 ], "texture": "#main" }
            }
        }, 
        {
            "from": [ 7, 6.25, 2 ], 
            "to":   [ 9, 8.25, 2 ], 
            "rotation": { "angle": 45, "axis": "z", "origin": [8, 7.25, 5.66667] }, 
            "faces": {
                "north": { "uv": [ 2.25, 4.375, 2.375, 4.5 ], "texture": "#main" }, 
                "east":  { "uv": [ 2, 4, 2, 4.125 ], "texture": "#main" }, 
                "south": { "uv": [ 2.375, 4.375, 2.5, 4.5 ], "texture": "#main" }, 
                "west":  { "uv": [ 2, 4, 2, 4.125 ], "texture": "#main" }, 
                "up":    { "uv": [ 2.125, 4, 2, 4 ], "texture": "#main" }, 
                "down":  { "uv": [ 2.125, 4, 2, 4 ], "texture": "#main" }
            }
        }, 
        {
            "from": [ 6.5, 5.75, 5.5 ], 
            "to":   [ 9.5, 8.75, 5.5 ], 
            "rotation": { "angle": 0, "axis": "z", "origin": [8, 7.25, 5.66667] }, 
            "faces": {
                "north": { "uv": [ 2.25, 4, 2.4375, 4.1875 ], "rotation":270, "texture": "#main" }, 
                "east":  { "uv": [ 2.1875, 4, 2, 4 ], "rotation":90, "texture": "#main" }, 
                "south": { "uv": [ 2.25, 4.1875, 2.4375, 4.375 ], "rotation":90, "texture": "#main" }, 
                "west":  { "uv": [ 2.1875, 4, 2, 4 ], "rotation":90, "texture": "#main" }, 
                "up":    { "uv": [ 2, 4, 2, 4.1875 ], "rotation":90, "texture": "#main" }, 
                "down":  { "uv": [ 2, 4, 2, 4.1875 ], "rotation":90, "texture": "#main" }
            }
        }, 
        {
            "from": [ 6, 5.25, 9.5 ], 
            "to":   [ 10, 9.25, 9.5 ], 
            "rotation": { "angle": 45, "axis": "z", "origin": [8, 7.25, 5.66667] }, 
            "faces": {
                "north": { "uv": [ 2, 4, 2.25, 4.25 ], "rotation":90, "texture": "#main" }, 
                "east":  { "uv": [ 2.25, 4, 2, 4 ], "rotation":270, "texture": "#main" }, 
                "south": { "uv": [ 2, 4.25, 2.25, 4.5 ], "rotation":270, "texture": "#main" }, 
                "west":  { "uv": [ 2.25, 4, 2, 4 ], "rotation":270, "texture": "#main" }, 
                "up":    { "uv": [ 2, 4, 2, 4.25 ], "rotation":270, "texture": "#main" }, 
                "down":  { "uv": [ 2, 4, 2, 4.25 ], "rotation":270, "texture": "#main" }
            }
        }, 
        {
            "from": [ 6, 5.25, 9.5 ], 
            "to":   [ 10, 9.25, 9.5 ], 
            "rotation": { "angle": 45, "axis": "z", "origin": [8, 7.25, 5.66667] }, 
            "faces": {
                "north": { "uv": [ 2.25, 4.375, 2, 4.625 ], "rotation":90, "texture": "#main" }, 
                "east":  { "uv": [ 2.25, 4, 2, 4 ], "rotation":270, "texture": "#main" }, 
                "south": { "uv": [ 2.25, 4, 2, 4.25 ], "rotation":270, "texture": "#main" }, 
                "west":  { "uv": [ 2.25, 4, 2, 4 ], "rotation":270, "texture": "#main" }, 
                "up":    { "uv": [ 2, 4, 2, 4.25 ], "rotation":270, "texture": "#main" }, 
                "down":  { "uv": [ 2, 4, 2, 4.25 ], "rotation":270, "texture": "#main" }
            }
        }, 
        {
            "from": [ 6.5, 5.75, 5.5 ], 
            "to":   [ 9.5, 8.75, 5.5 ], 
            "rotation": { "angle": 0, "axis": "z", "origin": [8, 7.25, 5.66667] }, 
            "faces": {
                "north": { "uv": [ 2.25, 4.375, 2.4375, 4.1875 ], "rotation":90, "texture": "#main" }, 
                "east":  { "uv": [ 2.1875, 4, 2, 4 ], "rotation":90, "texture": "#main" }, 
                "south": { "uv": [ 2.25, 4.1875, 2.4375, 4 ], "rotation":270, "texture": "#main" }, 
                "west":  { "uv": [ 2.1875, 4, 2, 4 ], "rotation":90, "texture": "#main" }, 
                "up":    { "uv": [ 2, 4, 2, 4.1875 ], "rotation":90, "texture": "#main" }, 
                "down":  { "uv": [ 2, 4, 2, 4.1875 ], "rotation":90, "texture": "#main" }
            }
        }, 
        {
            "from": [ 7, 6.25, 2 ], 
            "to":   [ 9, 8.25, 2 ], 
            "rotation": { "angle": 45, "axis": "z", "origin": [8, 7.25, 5.66667] }, 
            "faces": {
                "north": { "uv": [ 2.25, 4.375, 2.375, 4.25 ], "rotation":180, "texture": "#main" }, 
                "east":  { "uv": [ 2, 4, 2, 4.125 ], "texture": "#main" }, 
                "south": { "uv": [ 2.25, 4.5, 2.375, 4.375 ], "rotation":180, "texture": "#main" }, 
                "west":  { "uv": [ 2, 4, 2, 4.125 ], "texture": "#main" }, 
                "up":    { "uv": [ 2.125, 4, 2, 4 ], "texture": "#main" }, 
                "down":  { "uv": [ 2.125, 4, 2, 4 ], "texture": "#main" }
            }
        }, 
        {
            "from": [ 7.75, 7, 0.5 ], 
            "to":   [ 8.25, 7.5, 16 ], 
            "rotation": { "angle": 0, "axis": "y", "origin": [-0.25, 0, 0] }, 
            "faces": {
                "north": { "uv": [ 4.125, 4.5625, 4.15625, 4.59375 ], "texture": "#main" }, 
                "east":  { "uv": [ 4, 4, 4.96875, 4.03125 ], "texture": "#main" }, 
                "south": { "uv": [ 4.5625, 4.125, 4.59375, 4.15625 ], "texture": "#main" }, 
                "west":  { "uv": [ 4, 4.0625, 4.96875, 4.09375 ], "texture": "#main" }, 
                "up":    { "uv": [ 4.03125, 5.09375, 4, 4.125 ], "texture": "#main" }, 
                "down":  { "uv": [ 4.09375, 4.125, 4.0625, 5.09375 ], "texture": "#main" }
            }
        }, 
        {
            "from": [ 7.25, 7, -1 ], 
            "to":   [ 8.75, 7.5, 0.5 ], 
            "rotation": { "angle": 0, "axis": "z", "origin": [8, 7.25, -1] }, 
            "faces": {
                "north": { "uv": [ 4.375, 4.25, 4.46875, 4.28125 ], "texture": "#main" }, 
                "east":  { "uv": [ 4.5, 4.25, 4.59375, 4.28125 ], "texture": "#main" }, 
                "south": { "uv": [ 4.5, 4.3125, 4.59375, 4.34375 ], "texture": "#main" }, 
                "west":  { "uv": [ 4.5, 4.375, 4.59375, 4.40625 ], "texture": "#main" }, 
                "up":    { "uv": [ 4.40625, 4.53125, 4.3125, 4.4375 ], "texture": "#main" }, 
                "down":  { "uv": [ 4.53125, 4.4375, 4.4375, 4.53125 ], "texture": "#main" }
            }
        }, 
        {
            "from": [ 7.75, 7, -1.5 ], 
            "to":   [ 8.25, 7.5, -1 ], 
            "rotation": { "angle": 0, "axis": "z", "origin": [8, 7.25, -1] }, 
            "faces": {
                "north": { "uv": [ 4.1875, 4.5625, 4.21875, 4.59375 ], "texture": "#main" }, 
                "east":  { "uv": [ 4.5625, 4.1875, 4.59375, 4.21875 ], "texture": "#main" }, 
                "south": { "uv": [ 4.25, 4.5625, 4.28125, 4.59375 ], "texture": "#main" }, 
                "west":  { "uv": [ 4.3125, 4.5625, 4.34375, 4.59375 ], "texture": "#main" }, 
                "up":    { "uv": [ 4.40625, 4.59375, 4.375, 4.5625 ], "texture": "#main" }, 
                "down":  { "uv": [ 4.46875, 4.5625, 4.4375, 4.59375 ], "texture": "#main" }
            }
        }, 
        {
            "from": [ 8, 6, 15 ], 
            "to":   [ 8, 7.5, 18 ], 
            "rotation": { "angle": 45, "axis": "z", "origin": [8, 7.25, 16.5] }, 
            "faces": {
                "north": { "uv": [ 4, 4, 4, 4.09375 ], "texture": "#main" }, 
                "east":  { "uv": [ 4.125, 4.3125, 4.3125, 4.40625 ], "texture": "#main" }, 
                "south": { "uv": [ 4, 4, 4, 4.09375 ], "texture": "#main" }, 
                "west":  { "uv": [ 4.3125, 4.3125, 4.5, 4.40625 ], "texture": "#main" }, 
                "up":    { "uv": [ 4, 4.1875, 4, 4 ], "texture": "#main" }, 
                "down":  { "uv": [ 4, 4, 4, 4.1875 ], "texture": "#main" }
            }
        }, 
        {
            "from": [ 8, 6, 15 ], 
            "to":   [ 8, 7.5, 18 ], 
            "rotation": { "angle": -45, "axis": "z", "origin": [8, 7.25, 16.5] }, 
            "faces": {
                "north": { "uv": [ 4, 4, 4, 4.09375 ], "texture": "#main" }, 
                "east":  { "uv": [ 4.5, 4.3125, 4.3125, 4.40625 ], "texture": "#main" }, 
                "south": { "uv": [ 4, 4, 4, 4.09375 ], "texture": "#main" }, 
                "west":  { "uv": [ 4.3125, 4.3125, 4.125, 4.40625 ], "texture": "#main" }, 
                "up":    { "uv": [ 4, 4.1875, 4, 4 ], "texture": "#main" }, 
                "down":  { "uv": [ 4, 4, 4, 4.1875 ], "texture": "#main" }
            }
        }, 
        {
            "from": [ 8, 7, 15 ], 
            "to":   [ 8, 8.5, 18 ], 
            "rotation": { "angle": 0, "axis": "z", "origin": [8, 7.25, 16.5] }, 
            "faces": {
                "north": { "uv": [ 4, 4, 4, 4.09375 ], "texture": "#main" }, 
                "east":  { "uv": [ 4.375, 4.125, 4.5625, 4.21875 ], "texture": "#main" }, 
                "south": { "uv": [ 4, 4, 4, 4.09375 ], "texture": "#main" }, 
                "west":  { "uv": [ 4.125, 4.4375, 4.3125, 4.53125 ], "texture": "#main" }, 
                "up":    { "uv": [ 4, 4.1875, 4, 4 ], "texture": "#main" }, 
                "down":  { "uv": [ 4, 4, 4, 4.1875 ], "texture": "#main" }
            }
        }, 
        {
            "from": [ 7.5, 6.75, -1.75 ], 
            "to":   [ 8.5, 7.75, -1.75 ], 
            "rotation": { "angle": -45, "axis": "z", "origin": [8, 7.25, -1.75] }, 
            "faces": {
                "north": { "uv": [ 6.4375, 4, 6.5, 4.0625 ], "texture": "#main" }, 
                "east":  { "uv": [ 6, 4, 6, 4.0625 ], "texture": "#main" }, 
                "south": { "uv": [ 6.4375, 4.0625, 6.5, 4.125 ], "texture": "#main" }, 
                "west":  { "uv": [ 6, 4, 6, 4.0625 ], "texture": "#main" }, 
                "up":    { "uv": [ 6.0625, 4, 6, 4 ], "texture": "#main" }, 
                "down":  { "uv": [ 6.0625, 4, 6, 4 ], "texture": "#main" }
            }
        }, 
        {
            "from": [ 7, 6.25, 2 ], 
            "to":   [ 9, 8.25, 2 ], 
            "rotation": { "angle": 0, "axis": "z", "origin": [8, 7.25, 5.66667] }, 
            "faces": {
                "north": { "uv": [ 6.25, 4.375, 6.375, 4.5 ], "rotation":90, "texture": "#main" }, 
                "east":  { "uv": [ 6.125, 4, 6, 4 ], "rotation":270, "texture": "#main" }, 
                "south": { "uv": [ 6.375, 4.375, 6.5, 4.5 ], "rotation":270, "texture": "#main" }, 
                "west":  { "uv": [ 6.125, 4, 6, 4 ], "rotation":270, "texture": "#main" }, 
                "up":    { "uv": [ 6, 4, 6, 4.125 ], "rotation":270, "texture": "#main" }, 
                "down":  { "uv": [ 6, 4, 6, 4.125 ], "rotation":270, "texture": "#main" }
            }
        }, 
        {
            "from": [ 6.5, 5.75, 5.5 ], 
            "to":   [ 9.5, 8.75, 5.5 ], 
            "rotation": { "angle": 45, "axis": "z", "origin": [8, 7.25, 5.66667] }, 
            "faces": {
                "north": { "uv": [ 6.25, 4, 6.4375, 4.1875 ], "rotation":270, "texture": "#main" }, 
                "east":  { "uv": [ 6.1875, 4, 6, 4 ], "rotation":90, "texture": "#main" }, 
                "south": { "uv": [ 6.25, 4.1875, 6.4375, 4.375 ], "rotation":90, "texture": "#main" }, 
                "west":  { "uv": [ 6.1875, 4, 6, 4 ], "rotation":90, "texture": "#main" }, 
                "up":    { "uv": [ 6, 4, 6, 4.1875 ], "rotation":90, "texture": "#main" }, 
                "down":  { "uv": [ 6, 4, 6, 4.1875 ], "rotation":90, "texture": "#main" }
            }
        }, 
        {
            "from": [ 6, 5.25, 9.5 ], 
            "to":   [ 10, 9.25, 9.5 ], 
            "rotation": { "angle": 0, "axis": "z", "origin": [8, 7.25, 5.66667] }, 
            "faces": {
                "north": { "uv": [ 6, 4, 6.25, 4.25 ], "rotation":180, "texture": "#main" }, 
                "east":  { "uv": [ 6, 4, 6, 4.25 ], "rotation":180, "texture": "#main" }, 
                "south": { "uv": [ 6, 4.25, 6.25, 4.5 ], "rotation":180, "texture": "#main" }, 
                "west":  { "uv": [ 6, 4, 6, 4.25 ], "rotation":180, "texture": "#main" }, 
                "up":    { "uv": [ 6.25, 4, 6, 4 ], "rotation":180, "texture": "#main" }, 
                "down":  { "uv": [ 6.25, 4, 6, 4 ], "rotation":180, "texture": "#main" }
            }
        }, 
        {
            "from": [ 6, 5.25, 9.5 ], 
            "to":   [ 10, 9.25, 9.5 ], 
            "rotation": { "angle": 0, "axis": "z", "origin": [8, 7.25, 5.66667] }, 
            "faces": {
                "north": { "uv": [ 6.25, 4.375, 6, 4.625 ], "rotation":180, "texture": "#main" }, 
                "east":  { "uv": [ 6, 4, 6, 4.25 ], "rotation":180, "texture": "#main" }, 
                "south": { "uv": [ 6.25, 4, 6, 4.25 ], "rotation":180, "texture": "#main" }, 
                "west":  { "uv": [ 6, 4, 6, 4.25 ], "rotation":180, "texture": "#main" }, 
                "up":    { "uv": [ 6.25, 4, 6, 4 ], "rotation":180, "texture": "#main" }, 
                "down":  { "uv": [ 6.25, 4, 6, 4 ], "rotation":180, "texture": "#main" }
            }
        }, 
        {
            "from": [ 6.5, 5.75, 5.5 ], 
            "to":   [ 9.5, 8.75, 5.5 ], 
            "rotation": { "angle": 45, "axis": "z", "origin": [8, 7.25, 5.66667] }, 
            "faces": {
                "north": { "uv": [ 6.25, 4.375, 6.4375, 4.1875 ], "rotation":90, "texture": "#main" }, 
                "east":  { "uv": [ 6.1875, 4, 6, 4 ], "rotation":90, "texture": "#main" }, 
                "south": { "uv": [ 6.25, 4.1875, 6.4375, 4 ], "rotation":270, "texture": "#main" }, 
                "west":  { "uv": [ 6.1875, 4, 6, 4 ], "rotation":90, "texture": "#main" }, 
                "up":    { "uv": [ 6, 4, 6, 4.1875 ], "rotation":90, "texture": "#main" }, 
                "down":  { "uv": [ 6, 4, 6, 4.1875 ], "rotation":90, "texture": "#main" }
            }
        }, 
        {
            "from": [ 7, 6.25, 2 ], 
            "to":   [ 9, 8.25, 2 ], 
            "rotation": { "angle": 0, "axis": "z", "origin": [8, 7.25, 5.66667] }, 
            "faces": {
                "north": { "uv": [ 6.25, 4.375, 6.375, 4.25 ], "rotation":270, "texture": "#main" }, 
                "east":  { "uv": [ 6.125, 4, 6, 4 ], "rotation":270, "texture": "#main" }, 
                "south": { "uv": [ 6.25, 4.5, 6.375, 4.375 ], "rotation":90, "texture": "#main" }, 
                "west":  { "uv": [ 6.125, 4, 6, 4 ], "rotation":270, "texture": "#main" }, 
                "up":    { "uv": [ 6, 4, 6, 4.125 ], "rotation":270, "texture": "#main" }, 
                "down":  { "uv": [ 6, 4, 6, 4.125 ], "rotation":270, "texture": "#main" }
            }
        }, 
        {
            "from": [ 7.75, 7, 0.5 ], 
            "to":   [ 8.25, 7.5, 16 ], 
            "rotation": { "angle": 0, "axis": "y", "origin": [-0.25, 0, 0] }, 
            "faces": {
                "north": { "uv": [ 8.125, 4.5625, 8.15625, 4.59375 ], "texture": "#main" }, 
                "east":  { "uv": [ 8, 4, 8.96875, 4.03125 ], "texture": "#main" }, 
                "south": { "uv": [ 8.5625, 4.125, 8.59375, 4.15625 ], "texture": "#main" }, 
                "west":  { "uv": [ 8, 4.0625, 8.96875, 4.09375 ], "texture": "#main" }, 
                "up":    { "uv": [ 8.03125, 5.09375, 8, 4.125 ], "texture": "#main" }, 
                "down":  { "uv": [ 8.09375, 4.125, 8.0625, 5.09375 ], "texture": "#main" }
            }
        }, 
        {
            "from": [ 7.25, 7, -1 ], 
            "to":   [ 8.75, 7.5, 0.5 ], 
            "rotation": { "angle": 0, "axis": "z", "origin": [8, 7.25, -1] }, 
            "faces": {
                "north": { "uv": [ 8.375, 4.25, 8.46875, 4.28125 ], "texture": "#main" }, 
                "east":  { "uv": [ 8.5, 4.25, 8.59375, 4.28125 ], "texture": "#main" }, 
                "south": { "uv": [ 8.5, 4.3125, 8.59375, 4.34375 ], "texture": "#main" }, 
                "west":  { "uv": [ 8.5, 4.375, 8.59375, 4.40625 ], "texture": "#main" }, 
                "up":    { "uv": [ 8.40625, 4.53125, 8.3125, 4.4375 ], "texture": "#main" }, 
                "down":  { "uv": [ 8.53125, 4.4375, 8.4375, 4.53125 ], "texture": "#main" }
            }
        }, 
        {
            "from": [ 7.75, 7, -1.5 ], 
            "to":   [ 8.25, 7.5, -1 ], 
            "rotation": { "angle": 0, "axis": "z", "origin": [8, 7.25, -1] }, 
            "faces": {
                "north": { "uv": [ 8.1875, 4.5625, 8.21875, 4.59375 ], "texture": "#main" }, 
                "east":  { "uv": [ 8.5625, 4.1875, 8.59375, 4.21875 ], "texture": "#main" }, 
                "south": { "uv": [ 8.25, 4.5625, 8.28125, 4.59375 ], "texture": "#main" }, 
                "west":  { "uv": [ 8.3125, 4.5625, 8.34375, 4.59375 ], "texture": "#main" }, 
                "up":    { "uv": [ 8.40625, 4.59375, 8.375, 4.5625 ], "texture": "#main" }, 
                "down":  { "uv": [ 8.46875, 4.5625, 8.4375, 4.59375 ], "texture": "#main" }
            }
        }, 
        {
            "from": [ 8, 6, 15 ], 
            "to":   [ 8, 7.5, 18 ], 
            "rotation": { "angle": 45, "axis": "z", "origin": [8, 7.25, 16.5] }, 
            "faces": {
                "north": { "uv": [ 8, 4, 8, 4.09375 ], "texture": "#main" }, 
                "east":  { "uv": [ 8.125, 4.3125, 8.3125, 4.40625 ], "texture": "#main" }, 
                "south": { "uv": [ 8, 4, 8, 4.09375 ], "texture": "#main" }, 
                "west":  { "uv": [ 8.3125, 4.3125, 8.5, 4.40625 ], "texture": "#main" }, 
                "up":    { "uv": [ 8, 4.1875, 8, 4 ], "texture": "#main" }, 
                "down":  { "uv": [ 8, 4, 8, 4.1875 ], "texture": "#main" }
            }
        }, 
        {
            "from": [ 8, 6, 15 ], 
            "to":   [ 8, 7.5, 18 ], 
            "rotation": { "angle": -45, "axis": "z", "origin": [8, 7.25, 16.5] }, 
            "faces": {
                "north": { "uv": [ 8, 4, 8, 4.09375 ], "texture": "#main" }, 
                "east":  { "uv": [ 8.5, 4.3125, 8.3125, 4.40625 ], "texture": "#main" }, 
                "south": { "uv": [ 8, 4, 8, 4.09375 ], "texture": "#main" }, 
                "west":  { "uv": [ 8.3125, 4.3125, 8.125, 4.40625 ], "texture": "#main" }, 
                "up":    { "uv": [ 8, 4.1875, 8, 4 ], "texture": "#main" }, 
                "down":  { "uv": [ 8, 4, 8, 4.1875 ], "texture": "#main" }
            }
        }, 
        {
            "from": [ 8, 7, 15 ], 
            "to":   [ 8, 8.5, 18 ], 
            "rotation": { "angle": 0, "axis": "z", "origin": [8, 7.25, 16.5] }, 
            "faces": {
                "north": { "uv": [ 8, 4, 8, 4.09375 ], "texture": "#main" }, 
                "east":  { "uv": [ 8.375, 4.125, 8.5625, 4.21875 ], "texture": "#main" }, 
                "south": { "uv": [ 8, 4, 8, 4.09375 ], "texture": "#main" }, 
                "west":  { "uv": [ 8.125, 4.4375, 8.3125, 4.53125 ], "texture": "#main" }, 
                "up":    { "uv": [ 8, 4.1875, 8, 4 ], "texture": "#main" }, 
                "down":  { "uv": [ 8, 4, 8, 4.1875 ], "texture": "#main" }
            }
        }, 
        {
            "from": [ 7.5, 6.75, -1.75 ], 
            "to":   [ 8.5, 7.75, -1.75 ], 
            "rotation": { "angle": -45, "axis": "z", "origin": [8, 7.25, -1.75] }, 
            "faces": {
                "north": { "uv": [ 10.4375, 4, 10.5, 4.0625 ], "texture": "#main" }, 
                "east":  { "uv": [ 10, 4, 10, 4.0625 ], "texture": "#main" }, 
                "south": { "uv": [ 10.4375, 4.0625, 10.5, 4.125 ], "texture": "#main" }, 
                "west":  { "uv": [ 10, 4, 10, 4.0625 ], "texture": "#main" }, 
                "up":    { "uv": [ 10.0625, 4, 10, 4 ], "texture": "#main" }, 
                "down":  { "uv": [ 10.0625, 4, 10, 4 ], "texture": "#main" }
            }
        }, 
        {
            "from": [ 7, 6.25, 2 ], 
            "to":   [ 9, 8.25, 2 ], 
            "rotation": { "angle": 45, "axis": "z", "origin": [8, 7.25, 5.66667] }, 
            "faces": {
                "north": { "uv": [ 10.25, 4.375, 10.375, 4.5 ], "rotation":90, "texture": "#main" }, 
                "east":  { "uv": [ 10.125, 4, 10, 4 ], "rotation":270, "texture": "#main" }, 
                "south": { "uv": [ 10.375, 4.375, 10.5, 4.5 ], "rotation":270, "texture": "#main" }, 
                "west":  { "uv": [ 10.125, 4, 10, 4 ], "rotation":270, "texture": "#main" }, 
                "up":    { "uv": [ 10, 4, 10, 4.125 ], "rotation":270, "texture": "#main" }, 
                "down":  { "uv": [ 10, 4, 10, 4.125 ], "rotation":270, "texture": "#main" }
            }
        }, 
        {
            "from": [ 6.5, 5.75, 5.5 ], 
            "to":   [ 9.5, 8.75, 5.5 ], 
            "rotation": { "angle": 0, "axis": "z", "origin": [8, 7.25, 5.66667] }, 
            "faces": {
                "north": { "uv": [ 10.25, 4, 10.4375, 4.1875 ], "texture": "#main" }, 
                "east":  { "uv": [ 10, 4, 10, 4.1875 ], "texture": "#main" }, 
                "south": { "uv": [ 10.25, 4.1875, 10.4375, 4.375 ], "texture": "#main" }, 
                "west":  { "uv": [ 10, 4, 10, 4.1875 ], "texture": "#main" }, 
                "up":    { "uv": [ 10.1875, 4, 10, 4 ], "texture": "#main" }, 
                "down":  { "uv": [ 10.1875, 4, 10, 4 ], "texture": "#main" }
            }
        }, 
        {
            "from": [ 6, 5.25, 9.5 ], 
            "to":   [ 10, 9.25, 9.5 ], 
            "rotation": { "angle": 45, "axis": "z", "origin": [8, 7.25, 5.66667] }, 
            "faces": {
                "north": { "uv": [ 10, 4, 10.25, 4.25 ], "rotation":180, "texture": "#main" }, 
                "east":  { "uv": [ 10, 4, 10, 4.25 ], "rotation":180, "texture": "#main" }, 
                "south": { "uv": [ 10, 4.25, 10.25, 4.5 ], "rotation":180, "texture": "#main" }, 
                "west":  { "uv": [ 10, 4, 10, 4.25 ], "rotation":180, "texture": "#main" }, 
                "up":    { "uv": [ 10.25, 4, 10, 4 ], "rotation":180, "texture": "#main" }, 
                "down":  { "uv": [ 10.25, 4, 10, 4 ], "rotation":180, "texture": "#main" }
            }
        }, 
        {
            "from": [ 6, 5.25, 9.5 ], 
            "to":   [ 10, 9.25, 9.5 ], 
            "rotation": { "angle": 45, "axis": "z", "origin": [8, 7.25, 5.66667] }, 
            "faces": {
                "north": { "uv": [ 10.25, 4.375, 10, 4.625 ], "rotation":180, "texture": "#main" }, 
                "east":  { "uv": [ 10, 4, 10, 4.25 ], "rotation":180, "texture": "#main" }, 
                "south": { "uv": [ 10.25, 4, 10, 4.25 ], "rotation":180, "texture": "#main" }, 
                "west":  { "uv": [ 10, 4, 10, 4.25 ], "rotation":180, "texture": "#main" }, 
                "up":    { "uv": [ 10.25, 4, 10, 4 ], "rotation":180, "texture": "#main" }, 
                "down":  { "uv": [ 10.25, 4, 10, 4 ], "rotation":180, "texture": "#main" }
            }
        }, 
        {
            "from": [ 6.5, 5.75, 5.5 ], 
            "to":   [ 9.5, 8.75, 5.5 ], 
            "rotation": { "angle": 0, "axis": "z", "origin": [8, 7.25, 5.66667] }, 
            "faces": {
                "north": { "uv": [ 10.25, 4.375, 10.4375, 4.1875 ], "rotation":180, "texture": "#main" }, 
                "east":  { "uv": [ 10, 4, 10, 4.1875 ], "texture": "#main" }, 
                "south": { "uv": [ 10.25, 4.1875, 10.4375, 4 ], "rotation":180, "texture": "#main" }, 
                "west":  { "uv": [ 10, 4, 10, 4.1875 ], "texture": "#main" }, 
                "up":    { "uv": [ 10.1875, 4, 10, 4 ], "texture": "#main" }, 
                "down":  { "uv": [ 10.1875, 4, 10, 4 ], "texture": "#main" }
            }
        }, 
        {
            "from": [ 7, 6.25, 2 ], 
            "to":   [ 9, 8.25, 2 ], 
            "rotation": { "angle": 45, "axis": "z", "origin": [8, 7.25, 5.66667] }, 
            "faces": {
                "north": { "uv": [ 10.25, 4.375, 10.375, 4.25 ], "rotation":270, "texture": "#main" }, 
                "east":  { "uv": [ 10.125, 4, 10, 4 ], "rotation":270, "texture": "#main" }, 
                "south": { "uv": [ 10.25, 4.5, 10.375, 4.375 ], "rotation":90, "texture": "#main" }, 
                "west":  { "uv": [ 10.125, 4, 10, 4 ], "rotation":270, "texture": "#main" }, 
                "up":    { "uv": [ 10, 4, 10, 4.125 ], "rotation":270, "texture": "#main" }, 
                "down":  { "uv": [ 10, 4, 10, 4.125 ], "rotation":270, "texture": "#main" }
            }
        }
    ], 
    "display": {
        "head": {
            "scale": [ 7.00, 7.00, 7.00 ]
        }
    }, 
    "groups": [
        0, 
        1, 
        2, 
        3, 
        4, 
        5, 
        6, 
        {
            "name": "group", 
            "origin": [
                8, 
                7.25, 
                -1.66667
            ], 
            "color": 0, 
            "children": [
                7, 
                8, 
                9, 
                10, 
                11, 
                12
            ]
        }
    ], 
    "__comment": "Model animated using Fizzy's model animator - http://fizzy81.github.io/animated-models/"
}
