{
	"credit": "Made with Blockbench",
	"textures": {
		"0": "item/dragon",
		"particle": "item/dragon"
	},
	"elements": [
		{
			"from": [-8.02, -0.52, 7.91],
			"to": [8.02, 30.52, 7.91],
			"rotation": {"angle": 22.5, "axis": "y", "origin": [8, 15, 7.91]},
			"faces": {
				"north": {"uv": [8, 0, 0, 16], "texture": "#0"},
				"east": {"uv": [0, 0, 0, 16], "texture": "#missing"},
				"south": {"uv": [0, 0, 8, 16], "texture": "#0", "cullface": "south"},
				"west": {"uv": [0, 0, 0, 16], "texture": "#missing"},
				"up": {"uv": [0, 0, 16, 0], "texture": "#missing"},
				"down": {"uv": [0, 0, 16, 0], "texture": "#missing"}
			}
		},
		{
			"from": [7.98, -0.52, 7.91],
			"to": [24.02, 30.52, 7.91],
			"rotation": {"angle": -22.5, "axis": "y", "origin": [8, 15, 7.91]},
			"faces": {
				"north": {"uv": [16, 0, 8, 16], "texture": "#0"},
				"east": {"uv": [0, 0, 0, 16], "texture": "#missing"},
				"south": {"uv": [8, 0, 16, 16], "texture": "#0", "cullface": "south"},
				"west": {"uv": [0, 0, 0, 16], "texture": "#missing"},
				"up": {"uv": [0, 0, 16, 0], "texture": "#missing"},
				"down": {"uv": [0, 0, 16, 0], "texture": "#missing"}
			}
		}
	],
	"display": {
		"head": {
			"translation": [0, 21.25, 0],
			"scale": [2.11, 1.86977, 2.11]
		},
		"fixed": {
			"translation": [0, -10.5, -7.5],
			"scale": [1.75, 1.75, 1.75]
		}
	}
}