{
	"credit": "Made with Blockbench",
	"texture_size": [64, 64],
	"textures": {
		"2": "item/abilities/skull_spell"
	},
	"elements": [
		{
			"from": [4, 3.27778, 2.07404],
			"to": [12, 9.27778, 2.07404],
			"rotation": {"angle": -22.5, "axis": "x", "origin": [8, 6.27778, 8.07404]},
			"faces": {
				"north": {"uv": [8.5, 3.5, 10.5, 5], "texture": "#2"},
				"east": {"uv": [2, 7, 5, 8.5], "texture": "#2"},
				"south": {"uv": [8.5, 3.5, 10.5, 5], "texture": "#2"},
				"west": {"uv": [2, 8.5, 5, 10], "texture": "#2"},
				"down": {"uv": [2, 7, 0, 10], "texture": "#2"}
			}
		},
		{
			"from": [4, 3.27778, 2.07404],
			"to": [4, 9.27778, 14.07404],
			"rotation": {"angle": -22.5, "axis": "x", "origin": [8, 6.27778, 8.07404]},
			"faces": {
				"north": {"uv": [8.5, 3.5, 10.5, 5], "texture": "#2"},
				"east": {"uv": [2, 7, 5, 8.5], "texture": "#2"},
				"south": {"uv": [8.5, 5, 10.5, 6.5], "texture": "#2"},
				"west": {"uv": [2, 8.5, 5, 10], "texture": "#2"},
				"down": {"uv": [2, 7, 0, 10], "texture": "#2"}
			}
		},
		{
			"from": [12, 3.27778, 2.07404],
			"to": [12, 9.27778, 14.07404],
			"rotation": {"angle": -22.5, "axis": "x", "origin": [8, 6.27778, 8.07404]},
			"faces": {
				"north": {"uv": [8.5, 3.5, 10.5, 5], "texture": "#2"},
				"east": {"uv": [2, 7, 5, 8.5], "texture": "#2"},
				"south": {"uv": [8.5, 5, 10.5, 6.5], "texture": "#2"},
				"west": {"uv": [2, 8.5, 5, 10], "texture": "#2"},
				"down": {"uv": [2, 7, 0, 10], "texture": "#2"}
			}
		},
		{
			"from": [4, 3.27778, 2.07404],
			"to": [4, 9.27778, 14.07404],
			"rotation": {"angle": -22.5, "axis": "x", "origin": [8, 6.27778, 8.07404]},
			"faces": {
				"north": {"uv": [8.5, 3.5, 10.5, 5], "texture": "#2"},
				"east": {"uv": [2, 7, 5, 8.5], "texture": "#2"},
				"south": {"uv": [8.5, 5, 10.5, 6.5], "texture": "#2"},
				"west": {"uv": [2, 8.5, 5, 10], "texture": "#2"},
				"down": {"uv": [2, 7, 0, 10], "texture": "#2"}
			}
		},
		{
			"from": [2, 20, 1],
			"to": [14, 20, 15],
			"rotation": {"angle": 0, "axis": "y", "origin": [8, 13, 8]},
			"faces": {
				"north": {"uv": [3.5, 3.5, 6.5, 7], "texture": "#2"},
				"east": {"uv": [0, 0, 3.5, 3.5], "texture": "#2"},
				"south": {"uv": [3.5, 0, 6.5, 3.5], "texture": "#2"},
				"west": {"uv": [0, 3.5, 3.5, 7], "texture": "#2"},
				"up": {"uv": [9.5, 10, 6.5, 6.5], "texture": "#2"},
				"down": {"uv": [9.5, 6.5, 6.5, 10], "texture": "#2"}
			}
		},
		{
			"from": [2, 6, 1],
			"to": [14, 20, 1],
			"rotation": {"angle": 0, "axis": "y", "origin": [8, 13, 8]},
			"faces": {
				"north": {"uv": [3.5, 3.5, 6.5, 7], "texture": "#2"},
				"east": {"uv": [0, 0, 3.5, 3.5], "texture": "#2"},
				"south": {"uv": [3.5, 3.5, 6.5, 7], "texture": "#2"},
				"west": {"uv": [0, 3.5, 3.5, 7], "texture": "#2"},
				"up": {"uv": [9.5, 10, 6.5, 6.5], "texture": "#2"},
				"down": {"uv": [9.5, 0, 6.5, 3.5], "texture": "#2"}
			}
		},
		{
			"from": [2, 6, 15],
			"to": [14, 20, 15],
			"rotation": {"angle": 0, "axis": "y", "origin": [8, 13, 15]},
			"faces": {
				"north": {"uv": [3.5, 0, 6.5, 3.5], "texture": "#2"},
				"east": {"uv": [0, 3.5, 3.5, 7], "texture": "#2"},
				"south": {"uv": [3.5, 0, 6.5, 3.5], "texture": "#2"},
				"west": {"uv": [0, 0, 3.5, 3.5], "texture": "#2"},
				"up": {"uv": [9.5, 10, 6.5, 6.5], "rotation": 180, "texture": "#2"},
				"down": {"uv": [9.5, 0, 6.5, 3.5], "rotation": 180, "texture": "#2"}
			}
		},
		{
			"from": [2, 6, 1],
			"to": [2, 20, 15],
			"rotation": {"angle": 0, "axis": "y", "origin": [8, 13, 8]},
			"faces": {
				"north": {"uv": [3.5, 3.5, 6.5, 7], "texture": "#2"},
				"east": {"uv": [0, 0, 3.5, 3.5], "texture": "#2"},
				"south": {"uv": [3.5, 0, 6.5, 3.5], "texture": "#2"},
				"west": {"uv": [0, 3.5, 3.5, 7], "texture": "#2"},
				"up": {"uv": [9.5, 10, 6.5, 6.5], "texture": "#2"},
				"down": {"uv": [9.5, 0, 6.5, 3.5], "texture": "#2"}
			}
		},
		{
			"from": [14, 6, 1],
			"to": [14, 20, 15],
			"rotation": {"angle": 0, "axis": "y", "origin": [8, 13, 8]},
			"faces": {
				"north": {"uv": [3.5, 3.5, 6.5, 7], "texture": "#2"},
				"east": {"uv": [0, 0, 3.5, 3.5], "texture": "#2"},
				"south": {"uv": [3.5, 0, 6.5, 3.5], "texture": "#2"},
				"west": {"uv": [0, 3.5, 3.5, 7], "texture": "#2"},
				"up": {"uv": [9.5, 10, 6.5, 6.5], "texture": "#2"},
				"down": {"uv": [9.5, 0, 6.5, 3.5], "texture": "#2"}
			}
		}
	],
	"display": {
		"ground": {
			"translation": [0, 5.5, 0]
		},
		"gui": {
			"rotation": [23, 147, 0],
			"translation": [0, -4, 0],
			"scale": [1.33, 1.33, 1.33]
		},
		"head": {
			"translation": [0, -9.5, 0],
			"scale": [4, 4, 4]
		},
		"fixed": {
			"translation": [0, -7, -14.75],
			"scale": [1.93, 1.93, 1.93]
		}
	},
	"groups": [
		{
			"name": "bone",
			"origin": [0, 0, 0],
			"children": [0, 1, 2, 3, 4, 5, 6, 7, 8]
		}
	]
}